3000,-37.814563,144.970267
3001,-38.365017,144.76592
3002,-37.81664,144.987811
3003,-37.806255,144.941123
3004,-37.837324,144.976335
3005,-37.822262,144.954856
3006,-37.823258,144.965926
3008,-37.814719,144.948039
3010,-37.796152,144.961351
3011,-37.79977,144.899587
3011,-37.808769,144.895486
3011,-37.795059,144.866197
3012,-37.814624,144.847108
3012,-37.812635,144.881803
3012,-37.795059,144.866197
3012,-37.782096,144.874299
3012,-37.799065,144.857829
3012,-37.797701,144.879924
3013,-37.816178,144.889774
3013,-37.818019,144.883582
3015,-37.842477,144.883145
3015,-37.833627,144.870742
3015,-37.82967,144.885078
3016,-37.856902,144.897698
3016,-37.857681,144.887041
3018,-37.869275,144.830286
3018,-37.867992,144.843609
3019,-37.779309,144.855359
3019,-37.84536,144.894555
3019,-37.834094,145.040941
3020,-37.775954,144.819395
3020,-37.788346,144.809505
3020,-37.768904,144.830258
3020,-37.79983,144.81845
3021,-37.745934,144.770027
3021,-37.742331,144.825918
3021,-37.734277,144.780872
3021,-37.745063,144.799626
3022,-37.78292,144.801018
3022,-37.740815,144.797867
3023,-37.753381,144.752618
3023,-37.771039,144.772248
3023,-37.762076,144.754169
3023,-37.74124,144.736311
3023,-37.770312,144.77472
3023,-37.744466,144.751767
3023,-37.766501,144.738709
3024,-37.899873,144.556552
3024,-37.76516,144.609501
3024,-37.891641,144.629467
3025,-37.835657,144.85995
3025,-37.825297,144.842988
3025,-37.842879,144.850049
3026,-37.841653,144.795959
3027,-37.859941,144.760517
3028,-37.871632,144.778084
3028,-37.866939,144.761748
3028,-37.877626,144.75777
3029,-37.882636,144.700297
3029,-37.823738,144.692893
3029,-37.825004,144.748931
3030,-37.969994,144.582987
3030,-37.797549,144.771097
3030,-37.914616,144.751038
3030,-37.838725,144.554915
3030,-37.903337,144.657731
3030,-37.903337,144.657731
3031,-37.788375,144.931472
3031,-37.794333,144.929217
3032,-37.77583,144.923377
3032,-37.773272,144.888794
3032,-37.772229,144.886116
3032,-37.777773,144.929915
3033,-37.736264,144.796336
3034,-37.742284,144.81515
3036,-37.718965,144.834166
3036,-37.704771,144.814229
3037,-37.715579,144.780474
3037,-37.691437,144.74002
3037,-37.70004,144.764617
3037,-37.710381,144.766791
3038,-37.725726,144.811346
3038,-37.695768,144.797032
3038,-37.698758,144.78766
3038,-37.698952,144.777576
3039,-37.765707,144.919163
3040,-37.75669,144.896259
3040,-37.754973,144.917407
3040,-37.753802,144.888271
3041,-37.744374,144.909853
3041,-37.735876,144.919176
3041,-37.716678,144.897568
3042,-37.711698,144.887037
3042,-37.72465,144.850373
3042,-37.736031,144.889072
3043,-37.68861,144.883628
3043,-37.706316,144.894885
3043,-37.68656,144.882698
3044,-37.727568,144.939122
3044,-37.739198,144.945722
3045,-37.668873,144.833931
3046,-37.704581,144.915758
3046,-37.707238,144.93832
3046,-37.71817,144.919959
3047,-37.680792,144.921009
3047,-37.673333,144.931141
3047,-37.690301,144.915729
3048,-37.651811,144.930466
3048,-37.64986,144.922104
3049,-37.667515,144.88529
3049,-37.700648,144.755896
3049,-37.673551,144.90086
3050,-37.798631,144.955627
3051,-37.905996,145.056254
3052,-37.796152,144.961351
3052,-37.788531,144.947731
3053,-37.784337,144.969747
3053,-37.778987,145.0026
3054,-37.784337,144.969747
3054,-37.780995,144.962792
3055,-37.772049,144.944635
3055,-37.762489,144.961176
3055,-37.763919,144.940314
3055,-37.713902,144.937112
3056,-37.764829,144.943778
3056,-37.759717,144.95137
3056,-37.760071,144.972291
3057,-37.76491,144.979567
3058,-37.733524,144.962837
3058,-37.743188,144.966279
3058,-37.730842,144.971699
3058,-37.720932,144.96131
3058,-37.748315,144.961827
3059,-37.642984,144.88872
3060,-37.759823,144.89571
3060,-37.709159,144.950411
3060,-37.705055,144.944577
3061,-37.643746,144.951369
3062,-37.642563,144.944259
3063,-37.629826,144.839244
3063,-37.589589,144.879406
3064,-37.598975,144.941287
3064,-37.542028,144.963579
3064,-37.529372,144.947106
3064,-37.560864,144.879078
3064,-37.636795,144.932604
3065,-37.800917,144.979165
3066,-37.800366,144.984149
3066,-37.789805,144.990796
3067,-37.801781,144.998752
3068,-37.788118,144.992067
3068,-37.7834,144.984688
3070,-37.769857,144.995276
3070,-37.779039,145.006746
3071,-37.75504,144.998589
3072,-37.742047,145.027716
3072,-37.738736,145.000515
3072,-37.743606,145.019624
3072,-37.743356,145.009123
3072,-37.736855,145.003005
3073,-37.694672,145.011907
3073,-37.716897,145.006985
3073,-37.722243,145.011124
3073,-37.723105,145.018195
3073,-37.714796,144.944655
3074,-37.680338,145.014287
3075,-37.665857,145.017194
3075,-37.673141,145.016634
3076,-37.638363,145.009493
3078,-37.780767,145.03116
3078,-37.776946,145.018479
3079,-37.76964,145.041425
3079,-37.77283,145.059401
3079,-37.723105,145.018195
3081,-37.751819,145.045449
3081,-37.742268,145.048873
3081,-37.74944,145.0414
3082,-37.667957,145.060693
3083,-37.70132,145.071967
3083,-37.714064,145.035103
3083,-37.721328,145.047012
3084,-37.744219,145.08793
3084,-37.762519,145.068208
3084,-37.756341,145.067145
3084,-37.742893,145.065044
3084,-37.739262,145.096424
3085,-37.726038,145.068457
3085,-37.736354,145.038518
3085,-37.727482,145.102309
3086,-37.721328,145.047012
3087,-37.712531,145.082098
3087,-37.698352,145.084586
3088,-37.709483,145.120135
3088,-37.704622,145.103024
3088,-37.690585,145.130847
3089,-37.642629,145.217595
3090,-37.671565,145.124024
3091,-37.639769,145.132663
3093,-37.730758,145.088118
3094,-37.715294,145.121583
3095,-37.71383,145.148537
3095,-37.69401,145.147506
3095,-37.703602,145.180636
3096,-37.670101,145.190928
3097,-37.697232,145.284134
3097,-37.692032,145.215528
3097,-37.67058,145.256526
3099,-37.587697,145.218156
3099,-37.625074,145.216671
3099,-37.640166,145.192477
3099,-37.610518,145.173559
3099,-37.53633,145.273454
3101,-37.808497,145.044922
3101,-37.797982,145.053727
3102,-37.796246,145.049017
3103,-37.809701,145.082303
3103,-37.807312,145.096698
3104,-37.792835,145.071727
3104,-37.796947,145.098434
3105,-37.768554,145.079543
3106,-37.768882,145.117873
3107,-37.7563,145.102997
3108,-37.783031,145.122517
3109,-37.811994,145.19474
3109,-37.788827,145.159247
3109,-37.757762,145.169626
3111,-38.183899,144.468019
3113,-37.731758,145.221282
3113,-37.736915,145.22314
3114,-37.778442,145.214586
3115,-37.738666,145.270483
3116,-37.750325,145.326463
3121,-37.826869,145.007098
3121,-37.829382,145.007165
3121,-37.829719,144.990346
3121,-37.818587,144.999181
3121,-37.826421,144.996431
3121,-37.816323,145.011044
3121,-37.814951,144.991415
3122,-37.842105,145.045951
3122,-37.834855,145.052097
3122,-37.828845,145.007261
3122,-37.819687,145.017455
3123,-37.832121,145.044832
3123,-37.782254,145.001811
3124,-37.824818,145.057957
3124,-37.825705,145.068352
3124,-37.825705,145.068352
3124,-37.840088,145.093634
3124,-37.843985,145.075562
3124,-37.844,145.056955
3125,-37.844825,145.115681
3125,-37.852805,145.151909
3125,-37.835047,145.096407
3126,-37.840195,145.094524
3126,-37.824249,145.073114
3127,-37.821232,145.104996
3127,-37.825077,145.097412
3127,-37.834288,145.096516
3128,-37.817455,145.119314
3128,-37.819107,145.121273
3128,-37.828744,145.121843
3128,-37.844706,145.130113
3128,-37.839076,145.104165
3129,-37.801761,145.126869
3129,-37.805767,145.136413
3129,-37.807247,145.11205
3130,-37.819374,145.153852
3130,-37.810403,145.1521
3130,-37.831666,145.146719
3130,-37.821142,145.145303
3131,-37.837379,145.183948
3131,-37.834099,145.166527
3131,-37.820037,145.175726
3132,-37.816878,145.193712
3132,-37.837478,145.170024
3132,-37.805715,145.200802
3133,-37.836235,145.194651
3133,-37.856647,145.183576
3134,-37.81402,145.227362
3134,-37.787064,145.2356
3134,-37.759339,145.233973
3134,-37.774017,145.2483
3135,-37.820951,145.246663
3135,-37.830334,145.244356
3135,-37.812999,145.247551
3136,-37.798729,145.280685
3136,-37.774437,145.27557
3136,-37.770695,145.294691
3136,-37.811967,145.269481
3137,-37.802304,145.312198
3137,-37.829539,145.302768
3138,-37.774337,145.329954
3139,-37.795679,145.538569
3139,-37.75689,145.587606
3139,-37.828887,145.597894
3139,-37.780668,145.566625
3139,-37.777197,145.460734
3139,-37.775456,145.495905
3139,-37.815707,145.46037
3139,-37.771838,145.414182
3139,-37.780019,145.530363
3139,-37.813485,145.508258
3140,-37.755519,145.347707
3141,-36.990185,144.063338
3141,-37.837883,144.991123
3142,-37.842378,145.001779
3142,-37.84216,145.017966
3143,-37.85934,145.018505
3143,-37.828845,145.007261
3144,-37.840702,145.032101
3144,-37.861427,145.028508
3144,-37.856852,145.036518
3145,-37.875412,145.041976
3145,-37.866895,145.048737
3145,-37.877328,145.059305
3145,-37.87837,145.067892
3146,-37.854687,145.067215
3147,-37.863393,145.07942
3147,-37.864686,145.093061
3148,-37.886372,145.082527
3148,-37.886372,145.082527
3148,-37.874223,145.091587
3149,-37.875273,145.128398
3149,-37.891595,145.143314
3149,-37.87947,145.143233
3150,-37.877631,145.166222
3150,-37.909349,145.188659
3151,-37.858352,145.138553
3151,-37.852535,145.150335
3152,-37.869224,145.241382
3152,-37.847915,145.228757
3152,-37.868979,145.235211
3153,-37.84126,145.266725
3153,-37.8303,145.275095
3154,-37.851467,145.307133
3155,-37.861504,145.275762
3156,-37.883019,145.295404
3156,-37.926533,145.303402
3156,-37.927092,145.291015
3156,-37.890107,145.273576
3156,-37.893513,145.310777
3158,-37.903672,145.33131
3159,-37.921323,145.403546
3159,-37.915182,145.372016
3160,-37.908422,145.355075
3160,-37.926012,145.352597
3160,-37.941795,145.356068
3160,-37.906626,145.343987
3161,-38.033451,145.309748
3161,-37.901678,145.02357
3162,-37.880479,145.026806
3162,-37.886903,145.021979
3162,-37.886719,145.010619
3163,-37.889336,145.058121
3163,-37.889239,145.040629
3163,-37.89069,145.067589
3164,-38.02243,145.23738
3165,-37.927402,145.059412
3165,-37.92075,145.072839
3166,-37.895763,145.076545
3166,-37.909347,145.103841
3166,-37.899854,145.087116
3166,-37.900071,145.105574
3167,-37.926986,145.0964
3168,-37.925488,145.119662
3168,-37.901596,145.145776
3169,-37.941228,145.10244
3169,-37.939215,145.126625
3170,-37.869611,145.102866
3170,-37.92246,145.189181
3171,-37.950802,145.15696
3171,-37.97103,145.148499
3172,-37.973323,145.119941
3172,-37.97103,145.148499
3173,-37.989707,145.149037
3174,-37.967254,145.176167
3174,-37.94488,145.17965
3174,-37.9547,145.192117
3175,-38.033107,145.179482
3175,-37.987271,145.214317
3175,-38.13467,145.129955
3175,-37.965724,145.205645
3175,-38.034031,145.201711
3175,-37.967601,145.202509
3177,-37.995245,145.240156
3177,-37.997711,145.250273
3178,-37.928005,145.235811
3179,-37.864883,145.26427
3180,-37.888895,145.248383
3181,-37.849577,144.993714
3181,-37.855396,145.039566
3181,-37.856159,144.9922
3182,-37.867573,144.978814
3182,-37.860901,144.972523
3183,-37.869023,144.995478
3183,-37.866458,145.000047
3184,-37.882825,144.996354
3184,-37.888121,144.985026
3185,-37.884724,145.004153
3185,-37.896915,145.005249
3185,-37.876692,144.996194
3186,-37.913149,144.991682
3186,-37.903864,145.001899
3186,-37.919885,144.996826
3187,-37.904879,145.002603
3187,-37.90106,145.01669
3188,-37.933603,145.034175
3188,-37.89802,144.991601
3189,-37.934352,145.036735
3189,-38.61358,145.581353
3190,-37.947848,145.034294
3191,-37.952493,145.012316
3192,-37.96451,145.055873
3192,-37.965351,145.068392
3192,-37.930579,145.033786
3192,-37.958621,145.052468
3193,-37.986285,145.032876
3193,-37.973503,145.01658
3193,-37.985535,145.034742
3193,-37.98452,145.0451
3194,-37.982859,145.0649
3194,-37.986195,145.03462
3194,-37.977934,145.09892
3195,-38.026479,145.101908
3195,-38.023456,145.118374
3195,-38.008295,145.112478
3195,-38.007154,145.086849
3195,-37.992659,145.075479
3195,-38.008051,145.110473
3196,-38.062472,145.119404
3196,-38.052346,145.115941
3196,-38.045473,145.135901
3196,-38.037415,145.107846
3197,-38.076364,145.123205
3197,-38.067368,145.144762
3198,-38.10667,145.158496
3198,-38.110191,145.142512
3199,-38.145001,145.122477
3199,-38.146186,145.145408
3199,-38.126908,145.136323
3199,-38.156538,145.123524
3199,-38.143729,145.160676
3199,-38.143729,145.160676
3200,-38.165002,145.188595
3200,-38.122727,145.151093
3201,-38.090783,145.191719
3202,-37.969954,145.214164
3204,-37.918057,145.035444
3204,-37.910967,145.037483
3204,-37.904059,145.040899
3204,-37.925967,145.038194
3205,-37.93291,145.033718
3206,-37.840705,144.95571
3206,-37.849721,144.965136
3207,-37.829244,144.956207
3207,-37.975682,145.030468
3211,-37.971627,144.526585
3212,-38.022416,144.407891
3212,-38.086796,144.506744
3214,-38.074162,144.358659
3214,-38.099498,144.360982
3214,-38.0993,144.371887
3215,-38.113738,144.330983
3215,-38.097317,144.323541
3215,-38.132518,144.351714
3215,-38.110822,144.343406
3215,-38.121956,144.328051
3215,-38.110822,144.343406
3215,-38.128049,144.355394
3216,-38.175587,144.342666
3216,-38.284774,144.269652
3216,-38.200538,144.323683
3216,-38.208841,144.328038
3216,-38.170938,144.31905
3216,-38.24927,144.338652
3216,-38.169419,144.303375
3216,-38.214211,144.292324
3217,-38.198946,144.297736
3218,-38.142148,144.348006
3218,-38.133564,144.331213
3218,-38.139542,144.330072
3219,-38.180291,144.382352
3219,-38.162171,144.378088
3219,-38.169089,144.387388
3219,-38.192769,144.387321
3219,-38.170044,144.380797
3219,-38.178536,144.389963
3220,-38.181164,145.109544
3220,-38.14729,144.360735
3220,-38.153717,144.334977
3220,-38.161708,144.354122
3221,-37.896843,144.253862
3221,-38.16997,144.226425
3221,-38.088082,144.274343
3221,-38.130331,144.621908
3221,-38.172189,144.25895
3221,-38.14232,144.308137
3221,-38.168643,144.160558
3221,-38.683577,143.839267
3221,-38.666687,143.86199
3221,-38.07927,144.318144
3221,-38.173006,144.421246
3221,-38.057464,144.278005
3221,-38.106304,144.136517
3221,-38.633456,143.893806
3221,-37.854746,144.28058
3221,-38.126164,144.242063
3221,-38.696665,143.79923
3221,-38.214837,144.520638
3221,-38.704967,143.767791
3221,-38.635001,143.890896
3222,-38.15748,144.561541
3222,-38.184438,144.512272
3222,-38.172318,144.570987
3222,-38.2197,144.591314
3222,-38.260117,144.560583
3223,-38.139121,144.711239
3223,-38.114836,144.651414
3223,-38.171243,144.717383
3224,-38.183967,144.459914
3225,-38.286113,144.614489
3225,-38.267113,144.661329
3225,-38.252385,144.616144
3225,-38.249982,144.688434
3226,-38.270293,144.540778
3227,-38.281078,144.49179
3227,-38.293801,144.395262
3227,-38.250963,144.387919
3228,-38.329558,144.262559
3228,-38.367595,144.28172
3228,-38.344147,144.303646
3228,-38.332818,144.32389
3230,-38.405129,144.189268
3231,-38.459435,144.106892
3231,-38.488885,144.023772
3231,-38.47118,144.047598
3231,-38.468132,144.08437
3231,-38.468585,144.06487
3232,-38.518801,143.99579
3233,-38.748434,143.670432
3233,-38.852976,143.522782
3233,-38.76996,143.664514
3233,-38.718949,143.725959
3233,-38.724133,143.711487
3233,-38.686026,143.715192
3235,-38.472753,143.93252
3235,-38.419956,143.948435
3235,-38.39667,143.886147
3235,-38.422717,143.836555
3236,-38.51882,143.71457
3236,-38.62353,143.725095
3237,-38.693169,143.564483
3237,-38.632695,143.561186
3237,-38.72801,143.252192
3237,-38.747885,143.257897
3237,-38.633818,143.503912
3237,-38.661019,143.454743
3237,-38.725903,143.313646
3238,-38.781787,143.429978
3238,-38.772927,143.509048
3238,-38.757603,143.380466
3238,-38.679082,143.392452
3239,-38.556481,143.398828
3239,-38.639761,143.309752
3239,-38.525021,143.540186
3239,-38.5969,143.248332
3240,-38.216777,144.076977
3240,-38.240175,144.0497
3240,-38.272912,144.170663
3240,-38.241495,144.172731
3240,-38.212726,144.190017
3240,-38.292979,144.193897
3241,-38.366594,143.946392
3241,-38.185619,143.846877
3241,-38.345372,144.040955
3241,-38.243461,143.989297
3241,-38.339586,143.966264
3241,-38.293781,144.02637
3242,-38.314855,143.789367
3243,-38.468578,143.758408
3243,-38.479503,143.735576
3243,-38.426626,143.826576
3243,-38.312758,143.721438
3243,-38.380379,143.822207
3249,-38.244321,143.481901
3249,-38.274944,143.585061
3249,-38.413808,143.583605
3249,-38.404379,143.547697
3249,-38.56935,143.692959
3249,-38.254894,143.536852
3249,-38.280625,143.492726
3249,-38.181027,143.516602
3249,-38.19734,143.477068
3249,-38.316082,143.647693
3249,-38.405265,143.401036
3249,-38.434643,143.483722
3249,-38.482629,143.580706
3249,-38.359447,143.501999
3249,-38.317258,143.461562
3249,-38.250573,143.637097
3249,-38.351075,143.436796
3249,-38.294074,143.355451
3249,-38.372377,143.385865
3249,-38.654956,143.709748
3249,-38.215408,143.582584
3249,-38.212309,143.434892
3249,-38.388318,143.634765
3249,-38.397487,143.693909
3250,-38.339298,143.58166
3250,-38.334962,143.610172
3250,-38.33741,143.571934
3250,-38.367034,143.58264
3251,-38.193925,143.640459
3251,-38.110935,143.565124
3251,-38.145536,143.710447
3251,-38.094341,143.690365
3254,-38.296263,143.522505
3260,-38.134947,143.102803
3260,-38.296169,143.115205
3260,-38.438373,143.328801
3260,-38.232708,143.146911
3260,-38.380341,143.258021
3260,-38.195394,143.213576
3260,-38.207809,143.104686
3260,-38.147055,143.22677
3260,-38.293712,143.241732
3260,-38.133271,143.356149
3260,-38.29677,143.298926
3260,-38.22066,143.355624
3260,-38.199825,143.131904
3260,-38.367171,143.214364
3260,-38.325844,143.340311
3260,-38.329228,143.177254
3260,-38.291281,143.181217
3260,-38.255408,143.241487
3264,-38.236207,142.911483
3265,-38.21456,143.013298
3265,-38.344819,142.652003
3265,-38.299183,142.928662
3265,-38.393462,142.910041
3265,-38.168548,142.687023
3265,-38.241844,142.711734
3265,-38.20016,142.69827
3265,-38.298057,142.80421
3265,-38.145768,142.966197
3265,-38.160502,142.970512
3265,-38.136481,142.882808
3265,-38.354958,142.814975
3265,-38.191027,142.929541
3265,-38.20797,142.973112
3265,-38.337534,142.725221
3265,-38.34207,142.872698
3265,-38.198076,142.769514
3266,-38.343488,143.141647
3266,-38.328583,143.077199
3266,-38.29128,143.017563
3266,-38.366951,143.0211
3266,-38.346708,143.014801
3266,-38.401647,142.987414
3266,-38.368137,143.097811
3266,-38.38846,143.146555
3266,-38.260257,143.056853
3266,-38.496167,143.210488
3267,-38.448909,143.10623
3268,-38.415663,142.85945
3268,-38.466719,142.917465
3268,-38.541094,143.078426
3268,-38.483271,143.054403
3268,-38.457871,142.956959
3268,-38.505198,142.914428
3268,-38.564595,142.921624
3268,-38.559974,143.010759
3268,-38.500415,142.760581
3268,-38.47906,142.847696
3268,-38.53066,142.793949
3268,-38.469347,142.749913
3268,-38.54149,142.974983
3268,-38.486643,142.70914
3268,-38.484442,142.981066
3268,-38.505198,142.914428
3269,-38.619083,142.996136
3269,-38.690367,143.156055
3269,-38.575231,143.050126
3270,-38.579938,142.857049
3271,-37.998527,143.051384
3271,-37.890316,142.977335
3271,-37.821152,143.081778
3272,-38.081236,142.807986
3272,-37.876231,142.794858
3273,-38.057308,142.607374
3274,-37.912068,142.523202
3275,-38.301794,142.457611
3276,-38.035006,142.441935
3276,-38.16607,142.39753
3277,-38.386474,142.590674
3277,-38.433683,142.660911
3277,-38.44303,142.717555
3277,-38.421839,142.643932
3277,-38.395724,142.689407
3277,-38.408509,142.798682
3278,-38.278013,142.624719
3278,-38.300776,142.559686
3279,-38.214555,142.657483
3279,-38.329882,142.578578
3280,-38.35811,142.441982
3280,-38.383313,142.482959
3280,-38.390915,142.497056
3280,-38.37766,142.457911
3281,-38.325329,142.505522
3281,-38.286544,142.524682
3281,-38.244448,142.458116
3281,-38.313439,142.463881
3282,-38.32991,142.411507
3282,-38.292155,142.367405
3283,-38.313434,142.328761
3283,-38.338738,142.329837
3283,-38.270741,142.3132
3283,-38.298693,142.428893
3283,-38.217637,142.192786
3283,-38.33373,142.356412
3283,-38.193076,142.31918
3283,-38.152712,142.255157
3283,-38.3144,142.428986
3283,-38.283548,142.432861
3284,-38.214987,142.153594
3284,-38.385516,142.236711
3285,-38.272587,141.973181
3285,-38.252371,141.717039
3285,-38.351931,142.256753
3285,-38.244455,142.0613
3285,-38.318384,142.227517
3285,-38.218374,141.780986
3285,-38.245122,141.87849
3285,-38.315793,142.065127
3286,-37.972228,141.833705
3286,-38.000472,141.870835
3286,-38.034053,142.001047
3286,-37.983824,142.108563
3286,-37.979189,142.044275
3287,-38.106999,142.322188
3287,-37.991565,142.327342
3289,-37.897958,142.174884
3289,-38.007342,142.181224
3289,-37.87522,142.29024
3289,-37.923773,142.378199
3289,-37.804364,142.182405
3292,-38.04659,141.006938
3293,-37.636489,142.545707
3293,-37.858467,142.565483
3293,-37.75697,142.641677
3294,-37.649713,142.344662
3294,-37.602979,142.21249
3294,-37.405327,142.395682
3294,-37.665193,142.250571
3294,-37.525167,142.205291
3294,-37.498531,142.333604
3294,-37.801065,142.45467
3300,-37.880712,141.960066
3300,-37.743025,142.020065
3301,-37.704033,141.927084
3301,-38.107562,142.051206
3301,-37.849978,142.057186
3301,-37.952429,141.987783
3301,-37.792699,142.261056
3301,-37.602933,142.057626
3301,-37.733163,141.849073
3301,-37.89663,142.063516
3301,-37.717544,142.126345
3301,-37.742435,141.702187
3301,-37.767146,142.09796
3301,-37.671854,141.843327
3301,-37.696837,142.205871
3301,-37.816126,142.099016
3301,-37.748521,141.936368
3302,-37.856656,141.794565
3302,-37.792645,141.646446
3303,-38.03119,141.814595
3303,-37.970084,141.732922
3303,-37.926306,141.561279
3303,-38.093159,141.794924
3303,-37.933651,141.810169
3304,-38.146567,141.966132
3304,-37.922543,141.27543
3304,-38.001508,141.286526
3304,-38.091837,141.597511
3304,-37.953544,141.405571
3304,-38.131028,141.630332
3304,-38.137283,141.759184
3304,-38.005981,141.503684
3304,-38.043676,141.698339
3304,-37.926374,141.186841
3304,-38.006326,141.720263
3304,-37.944963,141.31758
3305,-38.274855,141.646078
3305,-38.281821,141.614962
3305,-38.370774,141.401813
3305,-38.311967,141.481232
3305,-38.313173,141.594139
3305,-38.240845,141.55627
3305,-38.259661,141.500413
3305,-38.222332,141.622619
3305,-38.198109,141.358815
3305,-38.351032,141.587701
3305,-38.314243,141.59424
3305,-38.342188,141.569468
3309,-37.794364,141.500674
3310,-37.720455,141.548293
3310,-37.727284,141.639652
3311,-37.584211,141.405944
3311,-37.531494,141.289748
3312,-37.6391,141.365747
3312,-37.404872,141.424838
3312,-37.551741,141.541128
3312,-37.27944,141.417184
3312,-37.370335,141.215072
3312,-37.345174,141.031936
3312,-37.532697,141.382928
3312,-37.660292,141.51291
3312,-37.757082,141.407391
3312,-37.563526,141.059286
3312,-37.602358,141.067756
3312,-37.486133,141.361871
3312,-37.212636,141.100756
3312,-37.196196,141.292351
3312,-37.610974,141.44304
3312,-37.727419,141.14483
3312,-37.442491,141.423158
3312,-37.517954,141.448106
3312,-37.430567,141.290496
3314,-37.586718,141.935665
3314,-37.526205,142.039943
3314,-37.243087,142.194121
3314,-37.316714,142.484076
3314,-37.398976,142.099717
3314,-37.371558,142.160996
3315,-37.441278,141.758617
3315,-37.599933,141.558767
3315,-37.598268,141.691125
3315,-37.348173,141.685584
3315,-37.268488,141.648637
3315,-37.415905,141.808405
3315,-37.542228,141.78656
3315,-37.620925,141.628411
3315,-37.531865,141.681426
3315,-37.513021,141.826377
3315,-37.560588,141.575279
3315,-37.371173,141.565849
3315,-37.659196,141.594212
3315,-37.6881,141.648325
3315,-37.327118,141.570754
3315,-37.676203,141.741339
3315,-37.531576,141.715919
3317,-37.119835,141.600473
3318,-36.986424,141.510896
3318,-37.191654,141.45156
3318,-37.036143,141.296235
3318,-37.14572,141.385313
3318,-37.091858,141.062048
3318,-36.896736,141.249539
3318,-36.928902,141.395927
3319,-36.967557,141.080748
3319,-36.843195,141.045845
3319,-36.843902,141.155059
3321,-38.111995,143.855664
3321,-38.100967,144.058343
3321,-38.06397,143.857655
3322,-38.028752,143.643643
3323,-37.991587,143.486027
3323,-38.014259,143.570355
3323,-38.048885,143.461877
3324,-37.953552,143.34368
3324,-37.853522,143.320127
3324,-37.879341,143.451114
3325,-37.948485,143.219987
3325,-38.021889,143.239049
3325,-37.816618,143.157936
3325,-37.792923,143.208666
3328,-38.039758,144.048285
3329,-38.02107,143.856658
3329,-38.013703,143.976087
3330,-37.844281,143.677351
3331,-38.046528,144.171067
3331,-38.07663,144.233865
3331,-37.947695,144.168659
3331,-38.016611,144.181789
3331,-37.899687,144.133464
3331,-37.905086,144.187068
3331,-38.003845,144.217941
3332,-37.962809,144.139178
3333,-37.924962,144.025575
3333,-37.845715,144.076801
3334,-37.710436,144.094545
3334,-37.804935,143.980293
3334,-37.77736,144.028618
3334,-37.72122,144.050734
3335,-37.68584,144.685449
3335,-37.729119,144.650778
3337,-37.675127,144.58855
3337,-37.683206,144.58315
3337,-37.684849,144.560691
3337,-37.605843,144.589792
3338,-37.701172,144.540792
3338,-37.729899,144.548212
3338,-37.790039,144.56627
3338,-37.704323,144.574818
3340,-37.675855,144.437663
3340,-37.882062,144.378684
3340,-37.786546,144.46028
3340,-37.586714,144.458987
3340,-37.660314,144.441634
3340,-37.713491,144.321688
3340,-37.696301,144.49671
3340,-37.648056,144.505
3340,-37.680437,144.421974
3340,-37.619416,144.50635
3340,-37.705964,144.462452
3340,-37.723941,144.375232
3341,-37.519237,144.309955
3341,-37.563196,144.305245
3341,-37.576312,144.34186
3341,-37.607752,144.318527
3341,-37.643624,144.365696
3342,-37.60016,144.225458
3342,-37.770748,144.217417
3342,-37.502683,144.203178
3342,-37.557953,144.190143
3342,-37.53094,144.224945
3342,-37.812989,144.194393
3342,-37.677991,144.227291
3342,-37.64379,144.289282
3342,-37.734514,144.217919
3345,-37.594546,144.099862
3350,-37.556958,143.817225
3350,-37.568592,143.864099
3350,-37.563318,143.863715
3350,-37.563039,143.855405
3350,-37.565618,143.886657
3350,-37.536899,143.862448
3350,-37.563608,143.862054
3350,-37.546532,143.875848
3350,-37.552458,143.902041
3350,-37.584072,143.883055
3350,-37.574981,143.868893
3350,-37.57075,143.864955
3350,-37.528996,143.862585
3350,-37.549965,143.849441
3350,-37.603114,143.868659
3350,-37.628466,143.880285
3350,-37.581598,143.852739
3350,-37.53748,143.890253
3350,-37.567867,143.793037
3350,-37.572707,143.839859
3350,-37.551158,143.859744
3350,-37.579026,143.864748
3351,-37.770766,143.683679
3351,-37.527396,143.678614
3351,-37.786818,143.612778
3351,-37.576056,143.578864
3351,-37.584632,143.516571
3351,-37.592314,143.719153
3351,-37.719294,143.609858
3351,-37.619088,143.637236
3351,-37.826653,143.645921
3351,-37.712432,142.839797
3351,-37.604862,142.959773
3351,-37.596868,143.416319
3351,-37.770863,143.017363
3351,-37.70637,143.664088
3351,-37.642384,143.709581
3351,-37.728419,143.644442
3351,-37.811603,143.577695
3351,-37.844281,143.677351
3351,-37.628507,143.767332
3351,-37.668421,143.654685
3351,-37.596827,143.768269
3351,-37.646169,143.683223
3351,-37.612093,143.584543
3351,-37.746273,143.631404
3351,-37.752956,143.700798
3351,-37.679137,143.058258
3351,-37.879636,143.509572
3351,-37.692668,142.999465
3352,-37.384464,143.672506
3352,-37.462409,144.085601
3352,-37.429268,143.788393
3352,-37.513611,144.095063
3352,-37.48494,143.527883
3352,-37.50866,144.004654
3352,-37.558902,143.99726
3352,-37.576871,143.745113
3352,-37.473098,143.656645
3352,-37.62525,143.832618
3352,-37.526537,143.747739
3352,-37.524031,143.741734
3352,-37.478761,143.897125
3352,-37.690352,143.977725
3352,-37.515415,144.032034
3352,-37.495739,143.973782
3352,-37.871921,143.749854
3352,-37.813488,143.749864
3352,-37.590632,143.977119
3352,-37.697654,143.87785
3352,-37.745523,143.773881
3352,-37.43581,143.61408
3352,-37.726329,143.871154
3352,-37.518068,143.908716
3352,-37.350376,143.568829
3352,-37.550811,143.932208
3352,-37.743019,143.840855
3352,-37.520241,143.897158
3352,-37.692331,144.040895
3352,-37.136644,143.50799
3352,-37.400516,143.505961
3352,-37.420343,143.713222
3352,-37.559567,143.952925
3352,-37.275704,143.513453
3352,-37.617962,143.847038
3352,-37.590237,144.056383
3352,-37.484449,143.802353
3352,-37.509085,143.784073
3352,-37.47511,144.038392
3352,-37.358834,143.684003
3352,-37.630149,144.105564
3352,-37.80564,143.9091
3352,-37.297903,143.600948
3352,-37.505408,143.845131
3352,-37.67641,143.829065
3352,-37.624897,143.950671
3352,-37.523658,143.966627
3352,-37.670099,143.93046
3352,-37.534236,144.073588
3352,-37.464987,143.836332
3352,-37.555477,144.047668
3352,-37.574854,143.92573
3352,-37.457993,143.942747
3352,-37.360061,143.640151
3352,-37.445888,143.680675
3352,-37.933474,143.616585
3352,-37.633954,143.969478
3353,-37.7778,144.835743
3354,-37.560917,143.867158
3355,-37.545723,143.820973
3355,-37.509085,143.784073
3355,-37.54022,143.831297
3355,-37.532908,143.824328
3356,-37.591298,143.828273
3356,-37.58453,143.807662
3356,-37.597592,143.841026
3357,-37.648547,143.918563
3360,-37.686374,143.562977
3360,-37.752233,143.467636
3360,-37.668732,143.475816
3360,-37.805729,143.45921
3361,-37.779772,143.407202
3361,-37.701093,143.218205
3361,-37.685939,143.365063
3363,-37.424838,143.894483
3363,-37.36548,143.877677
3363,-37.4645,143.991203
3363,-37.347345,143.722525
3363,-37.413218,144.068068
3363,-37.311869,143.688092
3363,-37.356793,143.808277
3364,-37.368711,143.938548
3364,-37.40088,143.802511
3364,-37.450713,143.839388
3364,-37.360361,144.056095
3364,-37.387436,143.903734
3364,-37.278159,143.890311
3364,-37.203474,143.946436
3364,-37.383521,143.757838
3364,-37.360699,143.844507
3364,-37.372652,143.954309
3364,-37.285444,144.034028
3364,-37.313624,143.908197
3364,-37.40751,144.032913
3364,-37.417055,143.981438
3364,-37.399016,143.995952
3364,-37.430329,144.052859
3364,-37.312403,143.94954
3364,-37.404302,143.925516
3364,-37.414701,143.935411
3364,-37.139606,143.963403
3364,-37.243658,144.024726
3370,-37.293942,143.787341
3370,-37.226997,143.884943
3370,-37.209586,143.825148
3370,-37.284441,143.890428
3371,-37.146466,143.670166
3371,-37.227531,143.577744
3371,-37.205024,143.637709
3371,-37.219423,143.729832
3371,-37.258734,143.625242
3371,-37.165285,143.554504
3371,-37.197694,143.739521
3371,-37.225719,143.683737
3371,-37.171463,143.698142
3373,-37.429812,143.383709
3373,-37.332405,143.387135
3373,-37.546494,143.231404
3373,-37.554684,143.36684
3373,-37.594156,143.13746
3373,-37.392977,143.32985
3373,-37.521118,143.463104
3373,-37.497474,143.446479
3373,-37.351713,143.330232
3373,-37.442898,143.213328
3373,-37.53596,143.251325
3373,-37.585741,143.25939
3373,-37.436827,143.469053
3373,-37.372434,143.414495
3375,-37.427465,143.132372
3375,-37.305549,143.163733
3375,-37.366754,143.174831
3375,-37.398313,143.23096
3377,-37.284301,142.928227
3377,-37.210025,142.884986
3377,-37.304935,142.879648
3377,-37.149857,143.109353
3377,-37.349467,142.89664
3377,-37.311758,143.021199
3377,-37.202282,143.041956
3377,-37.189662,143.178787
3377,-37.152658,142.855946
3377,-37.393824,142.924496
3377,-37.440606,142.859279
3377,-37.255088,143.198377
3377,-37.218791,143.123858
3377,-37.300887,142.76704
3377,-37.251262,142.843173
3377,-37.218844,142.779136
3377,-37.335958,142.854336
3377,-37.498396,142.864267
3377,-37.265182,143.115878
3378,-37.529051,142.944769
3378,-37.527438,143.13232
3379,-37.534037,142.521439
3379,-37.857749,142.649816
3379,-37.378411,142.54037
3379,-37.58305,142.633256
3379,-37.685137,142.708737
3379,-37.540494,142.7353
3379,-37.388237,142.742735
3380,-37.157329,142.699342
3380,-37.029226,142.808498
3380,-37.093743,142.626594
3380,-37.055661,142.77938
3380,-37.023514,142.763255
3380,-36.822297,143.197839
3381,-36.941793,143.211642
3381,-37.228577,142.480053
3381,-36.716649,142.99812
3381,-36.817331,142.785567
3381,-36.916423,142.785635
3381,-37.053735,142.875032
3381,-37.009961,142.715571
3381,-37.08344,142.565254
3381,-36.976575,142.758501
3381,-36.950991,142.936558
3381,-37.141371,142.518955
3381,-37.053668,142.688557
3381,-37.006333,142.990618
3381,-37.056742,143.049734
3381,-36.782368,142.998913
3381,-37.135366,142.627942
3381,-37.047728,142.581813
3381,-36.746935,142.548741
3381,-36.854505,142.933441
3381,-36.831662,143.108792
3381,-37.192318,142.609034
3381,-36.769367,143.176161
3381,-36.84136,142.598921
3381,-36.7285,142.892723
3381,-36.781477,142.930714
3384,-36.979212,143.198999
3384,-37.004798,143.129581
3384,-37.012381,143.053574
3384,-36.900107,143.11354
3384,-37.065177,143.090811
3384,-36.980263,143.111695
3385,-36.916062,142.511313
3385,-36.910409,142.655571
3385,-36.96876,142.515765
3385,-36.82488,142.687805
3387,-36.671662,142.869768
3388,-36.572229,142.816541
3388,-36.630462,142.63136
3390,-36.449414,142.422325
3390,-36.620248,142.470529
3391,-36.069357,142.519496
3392,-36.460553,142.586163
3392,-36.349474,142.529677
3393,-36.331465,142.363833
3393,-36.102371,142.224515
3393,-36.241102,142.234143
3393,-36.182982,142.549706
3393,-36.310127,142.243725
3393,-36.154101,142.268098
3393,-36.389971,142.394232
3393,-36.128411,142.420452
3393,-36.253202,142.402596
3393,-36.050005,142.724535
3393,-36.040823,142.218395
3395,-35.93804,142.418961
3395,-35.930786,142.238991
3396,-35.727235,142.364734
3396,-35.806411,142.240719
3396,-35.517724,142.358521
3400,-36.711714,142.204899
3400,-36.722304,142.17788
3401,-36.455387,142.30917
3401,-37.050262,142.211604
3401,-36.797118,142.230516
3401,-37.121087,142.192167
3401,-36.657569,142.257313
3401,-36.715903,142.3345
3401,-36.731403,141.592382
3401,-36.748085,142.178789
3401,-36.711714,142.204899
3401,-36.607806,142.360074
3401,-36.547269,142.209253
3401,-37.12889,141.848527
3401,-36.865321,141.486565
3401,-36.946669,142.323875
3401,-36.671731,142.330787
3401,-36.785779,142.083514
3401,-36.783608,142.173995
3401,-36.961856,142.153851
3401,-36.437495,142.225612
3401,-36.631605,141.683367
3401,-36.913902,142.038307
3401,-36.587573,142.120393
3401,-36.737533,142.021508
3401,-36.703736,142.238181
3401,-37.207637,141.942484
3401,-36.767965,142.406357
3401,-37.074713,141.976505
3401,-36.992793,141.93403
3401,-36.713783,142.062946
3401,-36.509398,142.1026
3401,-36.331267,142.239762
3401,-37.033414,142.340592
3401,-36.899739,142.135435
3401,-37.092355,142.431933
3402,-37.164183,142.666302
3407,-37.248109,141.841762
3407,-37.31601,141.81832
3407,-37.397755,141.956241
3407,-37.295245,141.668245
3407,-37.370978,141.872121
3409,-36.779163,141.762526
3409,-37.04162,141.716529
3409,-37.842988,144.892631
3409,-36.623534,141.947299
3409,-36.664864,141.865311
3409,-37.783465,145.175907
3409,-36.93852,141.626234
3409,-36.754508,141.767459
3409,-36.741816,141.941948
3409,-36.834829,141.972845
3409,-36.783589,141.764633
3409,-37.079728,141.747046
3412,-36.747329,141.472623
3413,-36.714185,141.180738
3413,-36.743083,141.071497
3413,-36.844934,141.330012
3413,-36.724135,141.377862
3414,-36.298418,142.024557
3414,-36.455551,142.027588
3414,-36.211453,142.034536
3415,-36.378089,141.357823
3418,-36.165178,141.334582
3418,-36.373589,141.885252
3418,-36.244028,141.852554
3418,-36.402759,141.79328
3418,-36.419148,141.463761
3418,-36.48148,141.600922
3418,-36.133321,141.749243
3418,-36.104936,141.616536
3418,-36.332858,141.650635
3418,-36.147883,141.435374
3419,-36.377563,141.244901
3420,-36.361245,141.117251
3420,-36.376549,140.986209
3420,-36.13056,141.143503
3423,-36.14057,141.987191
3424,-35.691918,141.974601
3424,-35.766065,142.060249
3427,-37.627752,144.719981
3428,-37.637155,144.804139
3429,-37.576859,144.731425
3429,-37.575434,144.795859
3430,-37.483711,144.745723
3431,-37.463999,144.665048
3432,-37.433632,144.77977
3434,-37.389195,144.6379
3434,-37.390614,144.697088
3434,-37.348923,144.742359
3434,-37.358834,144.821043
3435,-37.189508,144.692899
3435,-37.255579,144.801162
3435,-37.276795,144.731718
3435,-37.172089,144.750918
3437,-37.523331,144.477431
3437,-37.488037,144.59112
3437,-37.53865,144.597248
3438,-37.459119,144.599206
3440,-37.399584,144.588405
3441,-37.396044,144.590721
3442,-37.385948,144.446407
3442,-37.295815,144.543992
3442,-37.286556,144.513823
3442,-37.260826,144.655906
3442,-37.327655,144.594968
3442,-37.34745,144.620225
3442,-37.313335,144.592383
3442,-37.311685,144.676513
3442,-37.35681,144.52727
3442,-37.323937,144.541667
3444,-37.091978,144.50611
3444,-37.147477,144.628537
3444,-37.122322,144.71193
3444,-37.183037,144.493092
3444,-37.086279,144.609211
3444,-37.174031,144.449466
3444,-37.248467,144.453354
3444,-37.286853,144.445689
3444,-37.149333,144.493373
3444,-37.239435,144.368266
3444,-36.929279,144.459509
3444,-37.137839,144.447253
3444,-37.000433,144.570796
3444,-36.951244,144.428545
3444,-37.216862,144.53667
3444,-37.178335,144.640182
3444,-37.252289,144.547277
3444,-37.021382,144.532054
3444,-37.137443,144.573806
3444,-37.314116,144.35067
3444,-37.32541,144.406442
3444,-37.353578,144.373464
3446,-37.199978,144.29344
3446,-37.18842,144.382533
3447,-37.133438,144.356519
3448,-37.105,144.337783
3448,-37.102084,144.423136
3448,-36.990506,144.358577
3450,-37.063869,144.217101
3450,-37.060183,144.244448
3451,-37.0292,144.239946
3451,-37.094107,144.203759
3451,-37.081139,144.25651
3451,-37.073952,144.286574
3451,-37.043052,144.290219
3451,-37.141197,144.24988
3451,-37.187501,144.23947
3451,-37.070795,144.274803
3451,-37.03258,144.100645
3451,-37.151069,144.160962
3451,-37.153711,144.23221
3451,-37.069084,144.198261
3451,-37.057404,144.145959
3451,-37.166325,144.192235
3451,-37.157268,144.210421
3451,-37.122722,144.16841
3453,-36.998965,144.262588
3453,-36.970325,144.28189
3453,-36.899628,144.217529
3453,-36.934927,144.227601
3458,-37.451989,144.293564
3458,-37.472283,144.306407
3458,-37.357651,144.392692
3458,-37.51709,144.37593
3458,-37.359474,144.292594
3458,-37.409771,144.289521
3458,-37.466577,144.303975
3458,-37.389363,144.326001
3458,-37.396258,144.381486
3460,-37.308233,144.094647
3460,-37.343587,144.142321
3461,-37.394334,144.221001
3461,-37.423908,144.210458
3461,-37.178651,144.089983
3461,-37.328489,144.189283
3461,-37.277351,144.296321
3461,-37.240902,144.326211
3461,-37.299821,144.162344
3461,-37.340453,144.097095
3461,-37.291096,144.124212
3461,-37.248503,144.133262
3461,-37.295179,144.244678
3461,-37.272298,144.194341
3461,-37.315344,144.138197
3461,-37.452037,144.134899
3461,-37.425757,144.115474
3461,-37.392417,144.250813
3461,-37.260735,144.158367
3461,-37.371711,144.192548
3461,-37.272298,144.194341
3461,-37.248496,144.199698
3461,-37.405983,144.123382
3461,-37.353431,144.130517
3461,-37.271431,144.108578
3461,-37.48976,144.143564
3461,-37.135335,144.076945
3461,-37.313722,144.226117
3461,-37.21296,144.088977
3461,-37.213136,144.048852
3462,-37.107829,144.095795
3462,-37.087397,143.993953
3462,-37.095316,144.120321
3462,-37.105377,144.06511
3462,-37.168753,144.038138
3462,-37.071551,144.045866
3463,-36.984271,143.951487
3463,-36.951137,143.871634
3463,-36.909699,144.031371
3463,-36.875239,143.960842
3463,-36.827056,143.904434
3463,-36.996354,144.06843
3463,-36.920084,143.943625
3463,-36.946118,144.061662
3463,-37.004817,144.066266
3463,-36.962657,144.120525
3463,-36.846308,144.021846
3463,-37.021233,144.04768
3463,-36.965043,144.166608
3463,-36.841499,143.985758
3464,-37.007853,143.796275
3465,-37.074671,143.677358
3465,-37.028805,143.676819
3465,-36.983442,143.699121
3465,-37.10168,143.566093
3465,-37.124567,143.886721
3465,-37.103917,143.775852
3465,-37.117514,143.716854
3465,-37.048352,143.78002
3465,-37.088162,143.762344
3465,-36.967324,143.770432
3465,-37.057395,143.534299
3465,-37.116323,143.795769
3465,-37.048387,143.735409
3465,-37.078304,143.927259
3465,-37.049633,143.659182
3465,-36.94085,143.46707
3465,-37.005652,143.546997
3465,-37.021108,143.481855
3465,-37.100827,143.877588
3465,-36.994898,143.774385
3465,-36.970369,143.710742
3465,-36.967873,143.690326
3465,-36.990541,143.608305
3467,-37.088539,143.473798
3467,-36.909968,143.37707
3468,-37.182344,143.399915
3468,-37.258868,143.397305
3469,-37.179436,143.249097
3469,-37.114597,143.220904
3469,-37.223958,143.281716
3469,-37.136846,143.33887
3469,-37.128713,143.300831
3472,-36.924333,143.756154
3472,-36.909469,143.796024
3472,-36.8779,143.75353
3472,-36.907629,143.58518
3472,-36.860408,143.732463
3472,-36.887013,143.863928
3472,-36.825061,143.676938
3472,-36.807319,143.678195
3472,-36.681035,143.691851
3472,-36.753256,143.665544
3472,-36.917005,143.696699
3475,-36.830903,143.502295
3475,-36.884915,143.517311
3475,-36.789386,143.549822
3475,-36.655933,143.550981
3475,-36.703611,143.59134
3475,-36.731139,143.44389
3475,-36.622015,143.490756
3478,-36.544552,142.921227
3478,-36.713108,143.157179
3478,-36.711719,143.31401
3478,-36.730657,143.288292
3478,-36.475617,143.31468
3478,-36.425651,143.219362
3478,-36.374108,143.183679
3478,-36.467068,143.202071
3478,-36.553102,143.418817
3478,-36.661542,143.057792
3478,-36.594805,143.077543
3478,-36.678933,143.028991
3478,-36.641341,143.384603
3478,-36.684629,143.264101
3478,-36.630985,143.217849
3478,-36.988253,143.320323
3478,-37.07827,143.387035
3478,-36.933063,143.3162
3478,-36.546474,143.298301
3478,-36.615024,143.256852
3478,-36.6084,143.2675
3478,-36.592298,143.169342
3478,-36.805748,143.286094
3478,-36.525343,143.189561
3478,-36.523775,143.103615
3478,-37.006265,143.387126
3478,-36.777057,143.121261
3478,-36.579533,142.981976
3478,-36.943712,143.061809
3478,-37.037515,143.311499
3478,-36.470002,143.381591
3480,-36.236565,142.687307
3480,-36.264615,143.080898
3480,-36.34364,142.65012
3480,-36.292385,142.739051
3480,-36.470318,143.068595
3480,-36.171602,143.040236
3480,-36.17753,143.038318
3480,-36.37066,142.982457
3480,-36.322142,143.034902
3480,-36.350942,143.112537
3480,-36.28673,143.109711
3480,-36.452296,142.780344
3480,-36.395951,142.893872
3480,-36.382094,142.804115
3480,-36.202162,142.985275
3480,-36.378438,142.74228
3480,-36.296777,142.845319
3480,-36.444739,142.916181
3480,-36.51331,142.887634
3480,-36.488443,142.836874
3480,-36.512366,143.026085
3482,-36.226051,142.859931
3482,-36.082429,142.882888
3482,-36.128125,142.81005
3482,-36.148917,142.858965
3482,-36.187579,142.759352
3483,-35.979172,142.747934
3483,-35.980771,142.917843
3483,-36.013841,142.821841
3483,-35.823165,142.796611
3483,-35.834959,142.992658
3483,-35.902049,142.869123
3483,-35.899008,142.795867
3483,-35.820897,142.849932
3483,-36.027098,143.061288
3483,-35.964848,142.633563
3483,-35.922694,142.986589
3485,-35.635088,142.766116
3485,-35.758053,142.708455
3485,-35.719379,142.796561
3485,-35.680879,142.666099
3487,-35.606765,142.578891
3488,-35.400818,142.44027
3488,-35.445806,142.588306
3489,-35.344581,142.476178
3490,-35.199697,141.600652
3490,-35.066719,142.655764
3490,-35.072165,142.318876
3490,-35.13549,141.905953
3490,-35.214904,141.498506
3491,-35.382896,142.1895
3494,-34.457991,142.230811
3494,-34.52924,142.36671
3494,-34.429715,142.353874
3494,-34.474154,142.359892
3496,-34.292017,142.145463
3496,-34.278196,141.597777
3496,-34.39048,141.338808
3496,-34.369766,141.812102
3496,-34.274805,141.263471
3496,-34.308353,142.186534
3496,-34.28754,142.191911
3496,-34.38721,141.597044
3498,-34.234604,142.181724
3500,-34.181714,142.163072
3500,-34.203319,142.17039
3500,-34.203319,142.17039
3501,-34.850899,142.327634
3501,-34.264174,142.096554
3501,-34.207114,142.136298
3501,-34.244732,142.090351
3501,-34.214151,142.186812
3502,-37.972887,145.25835
3505,-34.19768,142.057629
3505,-34.197773,142.084141
3505,-34.167929,142.060861
3505,-34.215642,142.024463
3505,-34.166774,142.007289
3505,-34.264274,141.954205
3505,-34.149578,141.978682
3506,-35.27579,141.399006
3507,-35.191803,142.02364
3509,-35.173454,141.692549
3509,-35.169799,141.808981
3512,-35.218149,141.090483
3512,-35.262387,141.183321
3515,-36.736592,144.132572
3515,-36.724153,144.100779
3516,-36.593021,143.924643
3516,-36.524666,143.996272
3516,-36.601351,143.941051
3516,-36.64949,144.017206
3516,-36.691491,144.075949
3516,-36.603624,144.062812
3517,-36.298881,143.915229
3517,-36.566388,143.707293
3517,-36.508436,143.764881
3517,-36.576463,143.868955
3517,-36.269461,143.966665
3517,-36.608608,143.7543
3517,-36.53964,143.811981
3517,-36.437652,143.899053
3517,-36.651471,143.699164
3517,-36.517569,143.923368
3517,-36.412547,143.974416
3518,-36.501479,143.456459
3518,-36.291375,143.751749
3518,-36.564065,143.519958
3518,-36.240301,143.867439
3518,-36.404297,143.823229
3518,-36.517281,143.613413
3518,-36.504624,143.556361
3518,-36.234836,143.758455
3518,-36.421098,143.459744
3518,-36.391689,143.446399
3518,-36.3585,143.582874
3518,-36.418555,143.61284
3518,-36.424318,143.68675
3518,-36.603174,143.61479
3518,-36.331249,143.660601
3518,-36.345755,143.470856
3520,-36.331469,143.83557
3520,-36.356586,143.705869
3521,-37.120609,144.882105
3522,-37.126178,144.750364
3522,-37.046912,144.798912
3523,-36.944132,144.732986
3523,-36.894752,144.80027
3523,-36.88112,144.649341
3523,-36.922052,144.708908
3523,-37.005382,144.723819
3523,-36.82727,144.595092
3523,-36.829301,144.710782
3523,-36.802355,144.882263
3523,-36.787493,144.715683
3523,-36.795314,144.802939
3525,-36.268867,143.426085
3525,-36.264986,143.508029
3525,-36.269007,143.350406
3525,-36.213632,143.128316
3525,-36.160504,143.513558
3525,-36.158726,143.431571
3525,-36.196584,143.341278
3525,-36.196125,143.204814
3525,-36.150048,143.587841
3525,-36.261221,143.211082
3525,-36.273232,143.597571
3525,-36.197174,143.627886
3525,-36.386796,143.381179
3525,-36.356027,143.438925
3527,-36.055958,143.38661
3527,-35.903515,143.261657
3527,-36.139588,143.339126
3527,-36.059245,143.450693
3527,-36.09834,143.067339
3527,-35.812817,143.365339
3527,-35.939667,143.331977
3527,-36.077203,143.227148
3527,-36.135691,143.18554
3529,-35.780006,143.259314
3529,-35.854123,143.178092
3530,-35.718468,143.107379
3530,-35.780915,143.120509
3531,-35.635336,142.991804
3531,-35.563179,142.914657
3531,-35.583752,143.109086
3533,-35.360723,142.786824
3533,-35.309,142.7795
3533,-35.157562,142.656977
3533,-35.308438,142.698564
3533,-35.45375,142.755877
3533,-35.388524,142.650655
3533,-35.504189,142.850808
3533,-35.425329,142.961344
3533,-35.358339,142.972786
3537,-36.011488,143.671965
3537,-36.018669,143.527848
3537,-36.116842,143.725589
3537,-35.986353,143.87463
3537,-36.090288,143.644117
3537,-35.984791,143.604361
3537,-35.942274,143.818646
3537,-36.042299,143.745106
3537,-36.068607,143.807342
3540,-35.75855,143.445376
3540,-35.942628,143.445965
3540,-35.907104,143.593301
3540,-35.849005,143.520646
3542,-35.758096,143.284751
3542,-35.667621,143.374622
3542,-35.699829,143.38222
3544,-35.513341,143.197025
3544,-35.410778,143.191625
3544,-35.614725,143.237807
3544,-35.470402,143.26756
3544,-35.467617,143.341976
3544,-35.365614,143.103594
3546,-34.96464,142.884361
3546,-35.190061,142.947359
3546,-35.109974,142.900139
3546,-35.181035,142.795553
3546,-35.054563,142.882871
3546,-35.181524,143.079145
3546,-34.977791,142.767585
3549,-34.847699,142.830117
3549,-34.698232,142.813221
3549,-34.695199,142.713108
3549,-34.819892,142.581157
3549,-34.590121,142.772064
3549,-34.612077,142.789595
3549,-34.626246,142.730687
3549,-34.636393,142.75566
3549,-34.664554,142.759585
3549,-34.642107,142.822454
3549,-34.820509,142.92752
3549,-34.804308,142.672627
3550,-36.758492,144.280075
3550,-36.771921,144.291162
3550,-36.822895,144.270219
3550,-36.749405,144.30275
3550,-36.774405,144.290098
3550,-36.74571,144.25755
3550,-36.767542,144.301903
3550,-36.746922,144.258137
3550,-36.748507,144.280995
3550,-36.780733,144.270238
3550,-36.803325,144.289662
3550,-36.75934,144.298591
3550,-36.759261,144.251415
3550,-36.73025,144.307497
3551,-36.690822,143.868371
3551,-36.661766,143.76205
3551,-36.71111,144.332462
3551,-36.848927,144.419476
3551,-36.787917,144.504133
3551,-36.654973,144.403153
3551,-36.600407,144.4118
3551,-36.704414,144.775073
3551,-36.848332,144.336312
3551,-36.887127,144.390872
3551,-36.71462,144.313944
3551,-36.667075,144.331972
3551,-36.587872,144.333014
3551,-36.773334,144.360111
3551,-36.915031,144.492447
3551,-36.73205,143.857071
3551,-36.811409,144.174268
3551,-36.844443,144.158421
3551,-36.715051,144.415385
3551,-36.742983,144.211349
3551,-36.817858,144.295026
3551,-36.870023,144.27292
3551,-36.486997,144.495741
3551,-36.834244,144.501818
3551,-36.753091,143.771109
3551,-36.643942,144.65305
3551,-36.643993,144.709894
3551,-36.742221,143.908207
3551,-36.819705,143.738403
3551,-36.926594,144.397922
3551,-36.87244,144.314641
3551,-36.80632,144.355351
3551,-36.774013,143.833431
3551,-36.720439,144.682618
3551,-36.820359,143.815216
3551,-36.682084,144.38645
3551,-36.745508,144.001318
3552,-37.825288,145.011924
3555,-36.834685,144.230004
3555,-36.781511,144.263033
3555,-36.774862,144.263168
3555,-36.796876,144.243973
3555,-36.792655,144.244432
3555,-36.765314,144.248517
3556,-36.732656,144.257173
3556,-36.6182,144.122033
3556,-36.717864,144.252541
3556,-36.690494,144.258733
3556,-36.696142,144.277644
3556,-36.701241,144.208904
3556,-36.708908,144.232158
3556,-36.593639,144.188967
3556,-36.664052,144.271258
3556,-36.642442,144.257034
3557,-36.653535,144.506417
3557,-36.696091,144.515424
3557,-36.614875,144.506062
3557,-36.697844,144.549804
3557,-36.675599,144.618476
3558,-36.485796,144.713905
3558,-36.504303,144.75
3558,-36.594619,144.636888
3558,-36.493319,144.609344
3558,-36.442531,144.504955
3559,-36.529882,144.604459
3559,-36.590262,144.793787
3559,-36.457558,144.793985
3559,-36.534062,144.624333
3561,-36.298882,144.673529
3561,-36.256504,144.564747
3561,-36.198835,144.616856
3561,-36.352334,144.576262
3561,-36.354517,144.50504
3561,-36.34374,144.743065
3561,-36.284193,144.777526
3561,-36.361458,144.701328
3561,-36.352097,144.693262
3561,-36.35211,144.644379
3561,-36.357583,144.857866
3562,-35.975398,144.459855
3563,-36.271227,144.481629
3564,-36.131154,144.728548
3564,-36.128659,144.748178
3564,-36.140551,144.764893
3564,-36.14051,144.74663
3564,-36.140476,144.813682
3564,-36.182336,144.673419
3564,-36.096733,144.88293
3564,-36.155695,144.593715
3564,-36.012233,144.43748
3564,-36.038688,144.373109
3564,-36.129538,144.507655
3564,-36.217408,144.809735
3564,-36.108652,144.629715
3565,-36.192354,144.526275
3566,-35.957441,144.366659
3567,-35.886223,144.242273
3567,-35.904018,144.301443
3568,-35.836345,144.336635
3568,-35.808807,144.221264
3568,-35.79337,144.160827
3568,-35.813775,144.182809
3568,-35.711438,144.146351
3568,-35.853908,144.244267
3568,-35.851386,144.091251
3568,-35.858679,144.159049
3568,-35.811183,144.124299
3568,-35.920497,144.100406
3568,-35.857221,144.282705
3570,-36.474005,144.1055
3570,-36.44328,144.430294
3570,-36.458285,144.380317
3570,-36.566527,144.243285
3570,-36.535452,144.206583
3570,-38.24686,145.066308
3571,-36.370912,144.231949
3571,-36.399867,144.308331
3571,-36.35515,144.0926
3571,-36.428983,144.230263
3572,-36.356189,144.381891
3572,-36.299018,144.319328
3572,-36.301144,144.231929
3572,-36.299054,144.43186
3573,-36.298763,144.085645
3573,-36.211184,144.230492
3573,-36.223216,144.411942
3573,-36.225801,144.454498
3573,-36.129338,144.382976
3575,-36.042544,143.990513
3575,-36.055885,144.287813
3575,-35.975089,143.944279
3575,-35.982312,144.078033
3575,-36.163631,144.171905
3575,-36.055221,144.115148
3575,-36.086706,144.236156
3575,-36.091366,144.257619
3575,-36.152718,144.101756
3576,-36.198759,143.956055
3579,-35.878433,143.872782
3579,-35.940964,143.859905
3579,-35.6768,143.727205
3579,-35.612248,143.623573
3579,-35.490506,143.818588
3579,-35.786233,143.660835
3579,-35.615243,143.942374
3579,-35.815627,143.829397
3579,-35.672459,143.86925
3579,-35.508028,143.95598
3579,-35.735049,143.918869
3579,-35.786359,144.019485
3579,-35.743107,144.07558
3579,-35.876065,143.800262
3579,-35.918792,144.028959
3579,-35.884903,143.71319
3579,-35.790873,144.059018
3579,-35.527252,143.956969
3579,-35.502293,143.910118
3579,-35.594342,143.996812
3579,-35.558116,143.726695
3579,-35.809622,143.740185
3579,-35.807924,143.659496
3579,-35.687384,143.875613
3579,-35.740062,143.688254
3579,-35.675259,144.072561
3579,-35.856399,143.982847
3579,-35.697707,143.857734
3579,-35.664491,143.959219
3580,-35.64272,144.108584
3581,-35.620733,143.804041
3583,-35.506577,143.638434
3584,-35.461804,143.634454
3584,-35.506577,143.638434
3585,-35.418038,143.594275
3585,-35.26468,143.052602
3585,-35.470738,143.731582
3585,-35.475922,143.452861
3585,-35.544116,143.527287
3585,-35.574939,143.340748
3585,-35.327659,143.284705
3585,-35.221087,143.223653
3585,-35.257499,143.365648
3585,-35.271997,143.14734
3585,-35.183898,143.523043
3585,-35.336175,143.560181
3585,-35.383216,143.426576
3585,-35.482338,143.747049
3586,-35.304516,143.359804
3586,-35.302364,143.51815
3586,-35.287843,143.561504
3586,-35.367472,143.583706
3586,-35.248047,143.551389
3586,-35.264254,143.519178
3588,-35.270527,143.454012
3589,-35.264373,143.471892
3589,-35.236272,143.428828
3590,-35.235882,143.480953
3591,-35.217734,143.405908
3594,-35.152584,143.362249
3595,-35.187893,143.348862
3596,-35.123806,143.327682
3596,-35.185934,143.196443
3596,-35.10186,143.344549
3597,-34.856397,143.341123
3597,-34.878403,143.147981
3597,-34.714363,142.942108
3597,-34.756012,143.190209
3597,-34.958384,143.228835
3597,-35.053788,143.31327
3599,-34.742098,143.144838
3607,-36.846437,145.199887
3608,-36.699872,145.034359
3608,-36.714637,145.174232
3608,-36.815207,144.955389
3608,-36.744541,145.138681
3608,-36.859135,145.08518
3608,-36.78568,145.153795
3608,-36.700006,145.206019
3608,-36.767851,144.988693
3610,-36.542846,145.277533
3610,-36.625025,145.303783
3610,-36.61912,145.217631
3610,-36.615276,145.240441
3610,-36.560339,145.275539
3612,-36.591412,144.948216
3612,-36.585838,145.01552
3612,-36.596292,144.912319
3612,-36.535601,145.065066
3612,-36.644141,145.022235
3614,-36.484229,145.259357
3614,-36.484229,145.259357
3616,-36.421146,145.068244
3616,-36.328333,145.222773
3616,-36.443573,145.068304
3616,-36.454728,145.131787
3616,-36.350412,145.250067
3616,-36.440085,145.227847
3616,-36.440102,145.295242
3617,-36.416975,145.149914
3618,-36.372412,145.170237
3619,-37.659566,144.936295
3620,-36.308063,145.049552
3620,-36.387099,145.068133
3620,-36.314977,145.132099
3620,-36.355289,144.995996
3620,-36.240545,145.158176
3620,-36.199265,145.097262
3620,-36.225349,145.103623
3621,-36.269418,144.850248
3621,-36.283644,145.005483
3621,-36.311817,144.981282
3621,-36.249386,144.948203
3621,-36.136283,144.990759
3622,-36.161595,144.765651
3622,-36.209813,144.909518
3622,-36.25622,144.71465
3623,-36.462334,144.904277
3623,-36.447149,144.986652
3623,-36.491709,145.041038
3624,-36.443573,145.068304
3629,-36.378536,145.295366
3629,-36.284356,145.295406
3629,-36.394652,145.357817
3629,-36.325338,145.301109
3629,-36.278158,145.222772
3630,-36.360193,145.401927
3630,-36.492115,145.649789
3630,-36.401942,145.401265
3630,-36.369576,145.409068
3630,-36.381171,145.39929
3630,-36.402124,145.401233
3631,-36.541604,145.362556
3631,-36.5996,145.3267
3631,-36.355992,145.606784
3631,-36.417509,145.631415
3631,-36.347611,145.431786
3631,-36.527144,145.455292
3631,-36.441919,145.431805
3631,-36.464199,145.49652
3631,-36.493475,145.388775
3631,-36.351412,145.462046
3631,-36.41396,145.431825
3631,-36.456979,145.461908
3631,-36.401815,145.479949
3631,-36.336826,145.40224
3632,-36.544462,145.603242
3633,-36.299252,145.481126
3634,-36.220101,145.344007
3634,-36.246185,145.582937
3634,-36.232428,145.55947
3634,-36.25865,145.531711
3634,-36.199134,145.533982
3634,-36.238901,145.436117
3634,-36.276365,145.368701
3635,-36.16323,145.301771
3635,-36.157113,145.33179
3635,-36.155131,145.431715
3636,-36.135713,145.504192
3636,-36.180455,145.63162
3636,-36.059345,145.581672
3636,-36.092337,145.431743
3637,-36.05372,145.33176
3637,-35.914425,145.290867
3638,-36.145467,145.165703
3638,-36.060978,145.204023
3638,-35.928348,145.231915
3639,-36.023458,144.973324
3639,-36.076784,144.991432
3639,-35.999051,145.117615
3639,-35.963805,145.048359
3640,-35.973776,145.460399
3641,-35.918029,145.33172
3641,-35.871268,145.495204
3641,-35.925386,145.47847
3641,-35.833494,145.451827
3643,-35.955363,145.631874
3644,-35.916758,145.650715
3644,-35.96547,145.708317
3644,-35.860574,145.560223
3644,-36.026111,145.65516
3644,-35.925467,145.577568
3646,-36.327503,145.686223
3646,-36.349401,145.703574
3646,-36.415956,145.710627
3646,-36.237009,145.79025
3646,-36.208224,145.709655
3646,-36.280716,145.681571
3646,-36.156772,145.671252
3647,-36.395102,145.703035
3649,-36.078387,145.688645
3649,-36.026336,145.760116
3658,-37.203001,145.050171
3658,-37.330335,145.089146
3658,-37.344477,145.289109
3658,-37.342699,145.288895
3658,-37.258908,145.126685
3658,-37.236985,145.221193
3658,-37.255734,145.0432
3658,-37.225402,145.135498
3658,-37.301237,145.066581
3659,-37.128108,145.024365
3659,-37.093612,145.10303
3660,-37.091133,145.495713
3660,-37.018778,145.450602
3660,-37.020272,145.111951
3660,-37.072357,145.389341
3660,-37.143394,145.255997
3660,-37.063101,145.377609
3660,-36.944075,145.102963
3660,-37.025311,145.134148
3660,-37.029592,145.155312
3660,-37.130706,145.240647
3660,-37.02589,145.266554
3661,-38.195993,146.535346
3663,-36.941616,145.161897
3664,-36.892793,145.23059
3665,-36.81576,145.35517
3665,-36.802505,145.422992
3665,-36.737023,145.374992
3666,-36.705961,145.640263
3666,-36.217201,145.600639
3666,-36.89037,145.527792
3666,-36.755892,145.571341
3666,-36.901225,145.584186
3666,-36.819963,145.659889
3666,-36.816064,145.731831
3666,-36.642365,145.479927
3666,-36.613772,145.531703
3666,-36.686993,145.431866
3666,-36.66304,145.607032
3666,-36.975102,145.501286
3666,-36.773071,145.652156
3666,-36.855417,145.735508
3666,-36.976981,145.369449
3669,-36.696659,145.771354
3669,-36.774523,145.786315
3669,-36.811284,145.81984
3669,-36.543553,145.695024
3669,-36.475733,145.717853
3669,-36.517272,145.732214
3669,-36.747903,145.745417
3669,-36.604087,145.62791
3669,-36.49907,145.555697
3669,-36.638934,145.722978
3670,-36.592633,145.861036
3670,-36.520934,145.859259
3670,-36.688365,145.890379
3671,-36.385144,145.420691
3672,-36.546895,145.98565
3672,-36.560198,145.969678
3673,-36.434779,145.890351
3673,-36.465348,145.859474
3673,-36.72564,145.957764
3673,-36.77625,145.989094
3673,-36.837181,146.007067
3673,-36.58525,146.131035
3673,-36.661539,146.154132
3673,-36.751369,146.051927
3673,-36.790815,146.083645
3673,-36.778041,145.990867
3673,-36.73353,146.103627
3673,-36.503385,145.777325
3673,-36.587278,146.181538
3673,-36.712591,146.216647
3673,-36.52894,146.090075
3673,-36.473862,146.135478
3675,-36.269789,146.131319
3675,-36.199518,146.080865
3675,-36.463898,146.222613
3675,-36.473376,146.17646
3675,-36.549599,146.275316
3675,-36.638847,146.237173
3675,-36.533299,146.226164
3675,-36.573708,146.325419
3675,-36.312208,146.154121
3675,-36.405291,146.163159
3676,-36.341245,146.338612
3677,-36.353243,146.297244
3677,-36.335434,146.341645
3677,-36.353243,146.297244
3677,-36.372152,146.317325
3678,-36.521737,146.498737
3678,-36.230384,146.304461
3678,-36.176096,146.314773
3678,-36.314617,146.364425
3678,-36.287608,146.448151
3678,-36.596229,146.522339
3678,-36.798752,146.427829
3678,-36.917674,146.395871
3678,-36.517798,146.400836
3678,-36.28765,146.338007
3678,-36.362926,146.380273
3678,-36.652345,146.420808
3678,-36.701045,146.48724
3678,-36.442921,146.554145
3678,-36.377042,146.570184
3678,-36.261795,146.248744
3678,-36.700879,146.416954
3678,-36.415491,146.296
3678,-36.359305,146.401952
3678,-36.479803,146.492022
3678,-36.626444,146.474669
3678,-36.449674,146.43134
3678,-36.335434,146.341645
3678,-36.443693,146.383011
3678,-36.397941,146.390633
3678,-36.197179,146.236626
3678,-36.168929,146.251265
3678,-36.834619,146.578328
3678,-36.389722,146.455121
3678,-37.095056,146.556206
3678,-36.327604,146.289926
3678,-36.307351,146.27616
3678,-36.373154,146.310507
3678,-36.772644,146.359642
3682,-36.243951,146.411677
3682,-36.121433,146.471635
3682,-36.133125,146.323002
3682,-36.184998,146.469199
3683,-36.148307,146.610311
3683,-36.142047,146.545719
3683,-36.102317,146.540316
3685,-36.098847,146.222359
3685,-36.050476,146.227708
3685,-36.047076,146.632723
3685,-35.996711,146.484777
3685,-35.998465,146.574779
3685,-36.074581,146.490354
3685,-36.048737,146.380888
3685,-36.053735,146.459262
3687,-36.011553,146.40193
3688,-36.105488,146.673164
3688,-36.180108,146.718878
3689,-37.67576,144.989793
3690,-36.099768,146.821149
3690,-36.125544,146.888062
3690,-36.122279,146.886847
3691,-36.276114,146.909823
3691,-36.196214,146.96844
3691,-36.067175,146.727029
3691,-36.09841,147.059863
3691,-36.213728,147.67641
3691,-36.123343,147.096743
3691,-36.140321,147.006996
3691,-36.032591,147.353015
3691,-36.183374,146.827113
3691,-36.605177,147.095723
3691,-36.482934,147.033061
3691,-36.148319,147.020832
3691,-36.09625,146.896737
3691,-36.437041,146.943648
3691,-36.405706,147.062899
3691,-36.102131,147.021876
3691,-36.155912,146.82033
3691,-36.558,146.977219
3691,-36.327114,147.028202
3691,-36.436723,147.025753
3691,-36.257773,147.006831
3691,-36.139381,146.952314
3691,-36.214108,146.880042
3691,-36.274158,147.627143
3691,-36.589545,147.117858
3691,-36.3071,146.902994
3691,-36.531815,147.050623
3691,-36.25221,146.922805
3691,-36.080394,147.192407
3691,-36.252161,147.030914
3691,-35.98891,147.421073
3691,-36.488999,147.068363
3694,-36.141317,146.916596
3694,-36.146982,146.90818
3695,-36.30384,147.139316
3695,-36.220609,147.066979
3695,-37.962451,145.013918
3695,-36.32541,147.10458
3697,-36.66901,147.205089
3699,-36.80517,147.224996
3699,-36.862994,147.279405
3699,-36.744505,147.171354
3700,-36.175761,147.338065
3700,-36.150939,147.257561
3700,-36.183484,147.224125
3700,-36.264169,147.234124
3700,-36.213658,147.258712
3701,-36.533461,147.497235
3701,-36.465156,147.250151
3701,-36.338783,147.287466
3701,-36.097534,147.318341
3701,-36.536849,147.376953
3701,-36.177054,147.549447
3701,-36.268352,147.304527
3704,-36.104644,147.538225
3705,-36.190684,147.771573
3707,-36.279153,148.025563
3707,-36.249427,147.82878
3707,-36.196814,147.905135
3707,-36.444618,147.828819
3707,-36.27,147.928
3707,-36.538451,148.13525
3707,-36.194474,148.019337
3707,-36.199415,148.020548
3708,-36.048986,147.930952
3709,-36.048847,147.561427
3709,-36.059935,147.633767
3709,-35.966849,147.632531
3709,-36.01266,147.835835
3709,-35.963832,147.737074
3711,-37.420458,145.712999
3712,-37.326297,145.862023
3712,-37.255054,145.799038
3713,-37.234547,145.910525
3713,-37.187831,145.981618
3714,-37.252433,145.702015
3714,-37.191307,145.711061
3714,-37.14108,145.589081
3714,-37.272362,145.629068
3714,-37.113187,145.700915
3714,-37.151763,145.650622
3714,-37.321513,145.711979
3715,-36.972266,145.790539
3715,-36.983356,145.727025
3715,-37.016398,145.793869
3717,-37.344477,145.289109
3717,-37.131302,145.378462
3717,-37.405893,145.453724
3717,-37.202613,145.35652
3717,-37.17841,145.423769
3717,-37.26528,145.484784
3717,-37.318809,145.500153
3717,-37.212247,145.42388
3718,-37.127985,145.525714
3719,-37.014402,145.617965
3719,-37.044608,145.671963
3719,-36.975045,145.573589
3719,-37.1095,145.610757
3720,-37.023006,145.86227
3722,-37.009455,146.21744
3722,-37.052322,146.087887
3722,-37.110291,146.39794
3723,-36.894465,146.256507
3723,-36.9152,145.976846
3723,-37.14961,146.190771
3723,-36.970671,146.106841
3723,-37.139169,146.169012
3723,-37.476918,146.19041
3723,-37.176707,146.063541
3723,-37.140312,146.023759
3723,-37.244056,146.192484
3723,-37.182906,146.318508
3723,-37.323661,146.228358
3723,-37.300724,146.13588
3723,-37.359361,146.164392
3723,-37.211644,146.139441
3723,-37.02887,145.938802
3723,-37.599907,146.209096
3723,-37.102605,146.262449
3723,-37.146357,146.449411
3723,-37.198272,146.09508
3723,-36.911275,146.01029
3723,-37.150571,146.128223
3723,-37.107538,146.35844
3723,-36.901023,146.264373
3723,-37.430754,146.101369
3724,-37.053108,146.076832
3725,-36.323886,145.79839
3725,-36.414021,146.058823
3725,-36.406798,145.920558
3725,-36.349441,145.77095
3725,-36.415919,145.781043
3726,-36.28166,146.057876
3726,-36.364228,146.00278
3726,-36.330105,145.894488
3726,-36.340096,146.077226
3727,-36.232281,146.056216
3727,-36.269962,146.002999
3727,-36.199057,145.967255
3727,-36.240806,145.895092
3727,-36.266356,145.798468
3728,-36.099254,146.084897
3728,-36.164221,145.877533
3728,-36.155984,146.016645
3728,-36.170922,145.748141
3730,-36.026715,146.084897
3730,-36.05528,145.795859
3730,-36.044275,146.166545
3730,-36.096227,146.189596
3730,-35.995232,145.895321
3730,-36.055294,145.83174
3730,-36.062095,146.184323
3730,-36.099114,145.941368
3730,-36.011038,146.004643
3730,-36.084514,146.013678
3732,-36.578223,146.378463
3732,-36.73295,146.320538
3733,-36.749752,146.413426
3735,-36.520364,146.577229
3735,-36.505078,146.588659
3735,-36.536719,146.634377
3735,-36.592415,146.603849
3736,-36.455136,146.479489
3737,-36.976415,146.782515
3737,-36.511933,146.772708
3737,-36.625245,146.686195
3737,-36.786382,146.665855
3737,-36.521371,146.680455
3737,-36.619611,146.896759
3737,-36.55562,146.68284
3737,-36.587181,146.698602
3737,-36.489682,146.865788
3737,-36.560863,146.723897
3737,-36.663597,146.716713
3737,-36.59467,146.86208
3737,-37.1014,147.001465
3737,-37.1217,146.852832
3738,-36.606337,146.792102
3739,-36.703255,146.84579
3740,-36.815383,146.852777
3740,-36.711069,146.794642
3740,-36.700039,146.908542
3741,-36.727237,146.960491
3741,-36.772777,147.029714
3741,-36.727982,147.037733
3741,-36.89203,147.064023
3741,-36.985432,147.146799
3741,-36.83571,147.076347
3744,-36.753565,146.982157
3746,-36.30376,146.584447
3747,-36.360341,146.687966
3747,-36.480594,146.644202
3747,-36.404888,146.755253
3747,-36.309145,146.616346
3747,-36.290725,146.721409
3749,-36.414545,146.862235
3749,-36.31297,146.837903
3750,-38.380955,144.811911
3751,-37.692001,144.885657
3752,-37.653074,145.095043
3752,-37.653074,145.095043
3753,-37.468668,144.996239
3754,-37.617671,145.154899
3754,-37.594769,145.101581
3755,-37.572602,145.144089
3756,-37.402359,144.80284
3756,-37.394874,144.911512
3756,-37.395549,144.994497
3756,-37.419179,145.039763
3756,-37.413086,144.979394
3756,-37.419152,145.004297
3757,-37.450676,145.106435
3757,-37.493854,145.056027
3757,-37.484971,145.192485
3757,-37.499561,145.306244
3757,-37.476703,145.235661
3757,-37.481507,145.278824
3757,-37.513714,145.115089
3758,-37.383,145.029955
3758,-37.354959,145.026246
3759,-37.641394,145.240086
3760,-37.620131,145.287916
3763,-37.481664,145.277344
3763,-37.542913,145.38485
3764,-37.31432,144.889007
3764,-37.091334,144.991296
3764,-37.180324,144.889494
3764,-37.296087,144.952105
3764,-37.290344,144.986752
3764,-37.233934,144.951851
3764,-37.233885,144.827702
3764,-37.262384,144.908412
3765,-37.805976,145.339514
3766,-37.816839,145.367371
3767,-37.835062,145.357831
3770,-37.724701,145.378596
3770,-37.746276,145.44131
3770,-37.69492,145.373266
3775,-37.650855,145.317827
3775,-37.60148,145.418498
3775,-37.593579,145.373671
3775,-37.654341,145.441944
3775,-37.658494,145.374347
3777,-37.686067,145.541351
3777,-37.526926,145.42013
3777,-37.601134,145.489368
3777,-37.654137,145.516188
3777,-37.702056,145.570501
3777,-37.555763,145.478234
3778,-37.632252,145.699176
3778,-37.563734,145.656392
3779,-37.560312,145.885335
3779,-37.510449,145.74749
3781,-37.93626,145.49137
3781,-37.974799,145.511405
3781,-37.875796,145.528585
3782,-37.920702,145.467246
3782,-37.929232,145.423339
3782,-37.932085,145.44074
3782,-37.888403,145.487688
3783,-37.952497,145.550457
3785,-38.27059,144.491163
3786,-37.881284,145.342274
3787,-37.876027,145.36695
3787,-37.894848,145.335854
3788,-37.85984,145.363835
3789,-37.883737,145.364031
3791,-37.900585,145.410171
3792,-37.887353,145.392574
3793,-37.867678,145.408664
3795,-37.844151,145.413447
3796,-37.792515,145.375605
3797,-37.855038,145.711284
3797,-37.825378,145.656832
3797,-37.863663,145.753605
3797,-37.840599,145.679651
3797,-37.781435,145.613406
3799,-37.763917,145.746221
3799,-37.744469,145.731978
3799,-37.701895,145.830782
3799,-37.75513,145.652844
3799,-37.643595,145.870434
3799,-37.753701,145.689017
3799,-37.774889,145.643922
3800,-37.910545,145.134935
3802,-37.975281,145.254481
3803,-38.004302,145.269261
3804,-37.96602,145.363213
3804,-37.981131,145.315271
3805,-38.021278,145.299771
3805,-38.026383,145.306933
3805,-38.050061,145.298191
3806,-38.030467,145.344621
3806,-38.000318,145.341643
3807,-38.045159,145.36746
3807,-38.016778,145.386086
3808,-38.004643,145.409755
3808,-37.990595,145.424722
3809,-38.063056,145.40958
3809,-38.111715,145.423528
3810,-38.077355,145.493402
3810,-38.133232,145.507761
3810,-38.011744,145.512439
3810,-38.150379,145.459534
3812,-38.035781,145.609548
3812,-38.08098,145.570294
3812,-38.0173,145.557382
3813,-38.085068,145.625456
3813,-38.058222,145.60884
3814,-38.145284,145.60591
3814,-38.092171,145.677004
3814,-38.042767,145.676508
3814,-38.131185,145.669793
3815,-38.09708,145.715492
3815,-38.06115,145.714902
3815,-38.123346,145.70413
3815,-38.005952,145.708661
3816,-38.049843,145.82875
3816,-38.111317,145.771421
3816,-38.081642,145.778367
3816,-38.187327,145.708991
3818,-38.239904,145.779817
3818,-38.136919,145.858699
3818,-38.138303,145.895257
3818,-38.17188,145.824714
3818,-38.090113,145.868741
3818,-38.27078,145.833039
3818,-38.026908,145.898815
3818,-38.200072,145.772545
3820,-38.206715,145.964873
3820,-38.122703,145.983115
3820,-38.163058,145.93086
3821,-38.099914,145.923506
3821,-38.085346,145.922066
3821,-38.100719,145.949167
3821,-38.086402,145.992089
3821,-38.054288,145.966395
3821,-38.245707,145.91314
3821,-38.308634,145.939157
3821,-38.205796,145.878189
3821,-38.170513,145.968378
3821,-38.145033,145.986225
3821,-38.073272,145.929924
3821,-38.278767,145.955178
3821,-38.100838,146.08296
3821,-38.270325,145.893607
3821,-38.183474,145.889384
3821,-38.164126,145.890104
3822,-38.244952,145.999245
3822,-38.187606,146.005385
3822,-38.243576,145.96534
3823,-38.263213,146.034059
3823,-38.203886,146.068772
3823,-38.208264,146.076751
3824,-38.298917,146.114577
3824,-38.260828,146.228396
3824,-38.331875,146.118691
3824,-38.20803,146.151382
3824,-38.179753,146.147252
3824,-38.259301,146.229362
3825,-37.696566,146.364064
3825,-37.941242,146.399804
3825,-38.052535,146.465334
3825,-37.94669,146.345252
3825,-38.236898,146.262749
3825,-37.985345,146.427424
3825,-37.975325,146.371889
3825,-37.902215,146.113275
3825,-37.959418,146.135163
3825,-38.195589,146.325844
3825,-38.003232,146.14471
3825,-37.998726,146.398222
3825,-37.636916,146.270386
3825,-38.176609,146.264851
3825,-38.210768,146.250036
3825,-38.016343,146.366848
3825,-38.183607,146.288321
3825,-38.179735,146.267763
3825,-37.9573,146.399139
3825,-37.943184,146.208715
3825,-38.113688,146.251572
3825,-38.088974,146.30874
3825,-37.74414,146.376278
3825,-37.738005,146.402938
3825,-37.939603,146.451288
3825,-38.144223,146.216805
3825,-38.072343,146.17846
3825,-38.18582,146.345746
3825,-38.163903,146.362001
3831,-37.962769,145.993328
3831,-37.977249,145.97677
3831,-38.016643,145.954579
3832,-37.9133,145.9339
3832,-37.936324,145.959021
3832,-37.918904,146.004304
3833,-37.84087,145.849688
3833,-37.836059,146.259948
3833,-37.845666,145.995025
3833,-37.947431,145.836402
3833,-37.883797,146.096614
3833,-37.796392,146.010196
3833,-37.887228,146.075813
3833,-37.891422,145.998533
3833,-37.896704,145.957863
3833,-37.836888,146.202667
3833,-37.788186,146.121146
3833,-37.864798,146.078864
3835,-38.331875,146.118691
3840,-38.278708,146.321254
3840,-38.298154,146.353163
3840,-38.266522,146.476084
3840,-38.301804,146.367996
3840,-38.405751,146.477884
3840,-38.338625,146.41244
3840,-38.168472,146.412102
3840,-38.237352,146.427136
3840,-38.23681,146.398703
3840,-38.245277,146.393007
3840,-38.222371,146.397265
3842,-38.321315,146.417986
3844,-38.406405,146.637984
3844,-38.37721,146.603156
3844,-38.321442,146.617446
3844,-38.374056,146.685294
3844,-38.167987,146.696019
3844,-38.237594,146.646467
3844,-38.305466,146.534111
3844,-38.249633,146.578088
3844,-38.386012,146.565787
3844,-38.193322,146.538373
3844,-38.18958,146.568559
3844,-38.293304,146.534395
3844,-38.14887,146.481207
3844,-38.345677,146.720314
3847,-38.26363,146.753319
3847,-38.086656,146.853056
3847,-38.151336,146.786824
3847,-38.249903,146.822327
3850,-38.415897,147.083536
3850,-38.109349,147.068418
3850,-38.093434,147.074654
3850,-38.105688,147.035114
3851,-38.035548,147.084398
3851,-38.026749,147.013205
3851,-38.056056,147.209051
3851,-38.076263,147.140669
3851,-38.433569,146.955368
3851,-38.180661,147.233077
3851,-38.201204,147.315655
3851,-38.282437,147.310404
3851,-38.098903,146.977064
3851,-38.379083,146.996022
3851,-38.300661,147.28461
3851,-38.211293,147.400355
3851,-38.111797,146.89434
3851,-38.093591,147.319118
3851,-38.057683,147.568397
3851,-38.174621,147.088205
3851,-38.043286,147.062681
3851,-38.064893,147.02898
3851,-38.19735,147.416838
3851,-38.13605,147.032582
3851,-38.132126,147.400683
3851,-38.376489,147.190459
3851,-38.081355,147.100735
3851,-38.249195,147.054141
3851,-38.101324,147.213554
3851,-38.243608,147.130062
3852,-38.106731,147.134356
3853,-38.095569,146.059953
3854,-38.124641,146.573643
3854,-38.105926,146.590465
3854,-38.152645,146.518946
3856,-38.066096,146.670202
3857,-38.003449,146.688721
3858,-37.974475,146.689838
3858,-38.012479,146.808321
3858,-37.693042,146.611611
3858,-37.894681,146.749993
3858,-37.978486,146.784349
3858,-37.626943,146.623726
3858,-37.516855,146.519643
3858,-37.934836,146.660813
3858,-37.462036,146.714289
3858,-38.031505,146.766121
3859,-37.886136,146.848259
3859,-37.952726,146.936208
3859,-37.923124,146.890459
3859,-37.962211,146.891796
3859,-37.922586,146.841053
3860,-37.880398,146.987326
3860,-37.843462,147.06798
3860,-37.862478,147.010681
3860,-37.893352,146.786827
3860,-37.966701,146.975445
3860,-38.224369,146.430136
3860,-38.011789,146.935746
3860,-37.834649,146.982729
3862,-37.573541,147.187425
3862,-37.62722,147.207559
3862,-37.387647,147.106614
3862,-37.279921,147.30201
3862,-37.423056,147.120095
3862,-37.918808,147.075738
3862,-38.002228,147.391595
3862,-37.925194,147.185405
3862,-38.001149,147.225366
3862,-37.782622,147.203663
3862,-37.966108,147.080128
3862,-37.515637,147.204588
3864,-37.860878,147.341513
3864,-37.73109,147.313351
3864,-38.326496,142.115859
3865,-37.800359,147.458491
3869,-38.398143,146.424652
3869,-38.32212,146.327779
3869,-38.388731,146.376374
3870,-38.378924,146.275377
3870,-38.445642,146.263091
3870,-38.422532,146.363744
3870,-38.492506,146.440941
3870,-38.445603,146.199917
3871,-38.285262,146.054894
3871,-38.343735,146.099585
3871,-38.403622,146.176387
3871,-38.370717,146.21074
3871,-38.332631,146.228385
3871,-38.472256,146.207687
3871,-38.401141,146.16144
3873,-38.285925,146.719797
3874,-38.379257,146.791268
3874,-38.602848,146.885846
3874,-38.517851,146.88041
3874,-38.551218,146.971664
3874,-38.423615,146.820988
3875,-37.825114,147.628962
3875,-37.973828,147.465331
3875,-37.838378,147.683316
3875,-37.646972,147.531893
3875,-37.786277,147.508519
3875,-37.706576,147.657848
3875,-37.601708,147.671789
3875,-37.823828,147.644156
3875,-37.787545,147.570516
3875,-37.695347,147.76769
3875,-37.753902,147.487723
3875,-37.903871,147.625366
3875,-37.960988,147.538336
3875,-37.766891,147.704263
3875,-37.830936,147.470591
3875,-38.042434,147.46513
3875,-37.761015,147.355471
3875,-37.825191,147.434619
3875,-37.793444,147.670367
3875,-37.732399,147.510959
3875,-37.661965,147.471078
3875,-37.749093,147.557408
3875,-37.924128,147.69801
3875,-37.7502,147.733422
3875,-37.549745,147.351288
3875,-37.79673,147.429275
3875,-37.652678,147.727844
3875,-37.770816,147.394164
3875,-37.770288,147.417441
3875,-37.767296,147.669914
3878,-37.89463,147.670253
3880,-37.924908,147.693728
3880,-37.964941,147.762738
3880,-37.91898,147.719554
3880,-37.919088,147.73139
3882,-37.815478,147.734243
3885,-37.70793,147.831322
3885,-37.497243,148.172933
3885,-37.549724,148.120448
3885,-37.26206,148.260612
3885,-37.224306,148.263629
3885,-37.742867,147.816491
3885,-37.414756,148.205594
3885,-36.981011,148.272173
3885,-37.762781,147.866933
3885,-37.48838,147.922484
3885,-37.3301,148.272063
3885,-37.712037,147.808551
3885,-36.989676,148.284947
3885,-37.101279,148.283994
3885,-37.371263,148.139699
3885,-37.475473,148.403054
3886,-37.735401,148.433878
3887,-37.841038,148.121299
3887,-37.733238,148.089423
3887,-37.691434,148.167518
3888,-37.146838,148.884272
3888,-37.692622,148.371357
3888,-37.595833,148.293251
3888,-37.203326,148.729988
3888,-37.704721,148.567094
3888,-37.16078,148.67573
3888,-37.780263,148.717584
3888,-37.795606,148.456588
3888,-37.075243,148.473926
3888,-37.067497,148.79638
3888,-37.116147,148.667475
3888,-37.337817,148.697947
3888,-37.106055,148.869502
3888,-37.699983,148.407389
3888,-37.723924,148.494323
3888,-37.795334,148.532921
3888,-37.43311,148.598069
3888,-37.552007,148.57144
3888,-36.944911,147.616754
3888,-37.707336,148.454887
3888,-37.767516,148.365433
3888,-37.748452,148.177741
3888,-37.066803,148.583702
3888,-37.741349,148.316317
3888,-37.767946,148.255899
3889,-37.927902,145.906217
3889,-37.758351,148.964815
3889,-37.704375,148.710484
3889,-37.502009,148.925069
3889,-37.417999,149.009429
3889,-37.473676,148.761323
3889,-37.690264,148.79858
3890,-37.270391,149.144376
3890,-37.564236,149.151747
3890,-37.347633,149.20243
3890,-37.475783,149.180115
3890,-37.432133,149.197997
3890,-37.743427,149.139474
3890,-37.564465,149.061404
3890,-37.34599,149.08873
3891,-37.475736,149.592844
3891,-37.479913,149.680067
3891,-37.404558,149.59035
3891,-37.435684,149.748403
3891,-37.380615,149.492347
3891,-37.586718,149.489277
3891,-37.350782,149.479885
3892,-37.549486,149.729223
3893,-37.590191,147.893491
3893,-37.439406,147.656634
3893,-37.495876,147.83403
3895,-37.298674,147.748627
3895,-37.374717,147.836841
3895,-37.326511,147.840526
3895,-37.422573,147.937166
3896,-37.112351,147.812864
3896,-37.323086,147.624598
3896,-37.23774,147.950459
3896,-37.2501,147.712099
3896,-37.208132,147.718065
3898,-37.019423,147.470661
3898,-37.007954,147.565477
3898,-37.007954,147.565477
3898,-37.019203,147.371557
3898,-37.221661,147.600852
3898,-37.095299,147.413436
3898,-37.033184,147.274815
3898,-36.897686,147.463525
3898,-36.837534,147.501256
3898,-37.011521,147.656952
3898,-37.098832,147.594222
3898,-36.930553,147.423253
3900,-36.949754,147.703226
3900,-36.83141,148.005953
3900,-37.871105,147.992815
3902,-37.792719,147.830756
3902,-37.820156,147.830563
3903,-37.810093,147.84454
3904,-37.87152,147.847355
3909,-37.857772,147.922922
3909,-37.865159,147.951995
3909,-37.860751,148.035927
3909,-37.859049,148.086768
3909,-37.881499,147.982787
3909,-37.880277,147.885873
3909,-37.870034,147.918614
3909,-37.807188,148.039354
3910,-38.153809,145.185851
3911,-38.195383,145.158007
3911,-38.198507,145.182526
3912,-38.202617,145.232339
3912,-38.223956,145.175798
3913,-38.259808,145.186464
3915,-38.30771,145.190507
3915,-38.297387,145.077506
3916,-38.392646,145.085801
3916,-38.416391,145.075863
3916,-38.427678,145.044425
3918,-38.337376,145.177993
3919,-38.366119,145.204068
3921,-38.342506,145.338749
3921,-38.385026,145.290896
3922,-38.450286,145.239003
3922,-38.452164,145.273978
3922,-38.498494,145.273131
3922,-38.506601,145.145082
3922,-38.507505,145.277902
3922,-38.497091,145.262363
3922,-38.51091,145.296151
3922,-38.459022,145.19073
3922,-38.480888,145.239905
3923,-38.460584,145.307964
3925,-38.54338,145.340775
3925,-38.49979,145.337451
3925,-38.514776,145.357945
3925,-38.520564,145.373057
3926,-38.373497,145.126733
3926,-38.388439,145.12449
3926,-38.401152,145.10014
3926,-38.353666,145.08415
3927,-38.383442,145.147627
3928,-38.400438,144.970958
3929,-38.473815,145.01628
3930,-38.191618,145.079095
3930,-38.187263,145.089626
3931,-38.238386,145.064195
3933,-38.237072,145.087375
3934,-38.302366,144.994873
3936,-38.354428,144.949793
3936,-38.333311,144.963564
3936,-38.314903,144.9906
3937,-38.37014,145.012073
3937,-38.382404,145.023052
3938,-37.990225,145.21956
3939,-38.398469,144.904098
3939,-38.464988,144.899983
3939,-38.425698,144.887086
3939,-38.355262,144.906239
3939,-38.35533,144.905978
3941,-38.370692,144.824741
3941,-38.41506,144.823523
3941,-38.368159,144.862455
3942,-38.359005,144.768511
3943,-38.344297,144.73807
3944,-38.338347,144.709285
3945,-37.970297,145.155125
3945,-38.394683,145.741066
3945,-38.436892,145.674615
3945,-38.369038,145.709149
3945,-38.414251,145.640882
3946,-38.433031,145.722184
3950,-38.449367,145.877524
3950,-38.431929,145.823567
3950,-38.459162,145.821233
3950,-38.349279,145.888176
3950,-38.435084,145.777786
3951,-38.394907,145.888218
3951,-38.411503,145.935854
3951,-38.470573,145.77112
3951,-38.426697,145.866891
3951,-38.518208,145.703644
3951,-38.490367,145.740876
3951,-38.493462,145.767714
3951,-38.37462,145.839244
3953,-38.406667,146.069703
3953,-38.443382,146.077181
3953,-38.35729,146.033824
3953,-38.467534,146.011056
3953,-38.476151,145.946299
3953,-38.447916,145.951052
3953,-38.532316,145.876434
3953,-38.478774,146.118977
3953,-38.361373,145.977791
3953,-38.413108,145.994278
3953,-38.495434,146.005084
3953,-38.440221,145.919627
3953,-38.315402,145.971875
3953,-38.369483,145.944689
3954,-38.547015,145.948111
3956,-38.531629,146.095008
3956,-38.505983,146.168253
3956,-38.577663,146.014655
3956,-38.526032,146.207508
3956,-38.578138,145.982532
3956,-38.701426,145.869274
3956,-38.702427,145.827779
3956,-38.860948,145.998523
3956,-38.88952,145.981959
3957,-37.944787,145.273438
3957,-38.583226,146.144844
3958,-38.642608,146.074806
3958,-38.634604,146.052231
3959,-38.694358,146.082083
3959,-38.69034,146.143749
3959,-38.819907,146.118986
3959,-38.810991,146.042621
3959,-38.773869,146.072353
3960,-38.668395,146.266751
3960,-38.566919,146.255704
3960,-38.65259,146.202007
3960,-38.621707,146.170021
3960,-38.566342,146.305111
3960,-38.600297,146.311507
3960,-38.813056,146.168906
3960,-39.03009,146.320865
3960,-38.547382,146.24338
3960,-38.924873,146.329839
3960,-38.616067,146.254183
3960,-38.589541,146.184647
3960,-38.829607,146.238119
3962,-38.670149,146.396151
3962,-38.532794,146.392908
3962,-38.662098,146.326724
3962,-38.588896,146.332813
3962,-38.55954,146.397048
3962,-38.581564,146.317813
3962,-38.602895,146.381201
3964,-38.679229,146.270581
3965,-38.691833,146.454398
3966,-38.584197,146.453313
3966,-38.627993,146.376211
3966,-38.665564,146.436128
3967,-37.693272,144.961131
3971,-38.611394,146.66598
3971,-38.598686,146.587948
3971,-38.431459,146.565061
3971,-38.49391,146.666161
3971,-38.505036,146.649674
3971,-38.626917,146.603738
3971,-38.52267,146.476713
3971,-38.580032,146.780079
3971,-38.552888,146.581578
3971,-38.651487,146.675098
3971,-38.473774,146.64119
3971,-38.496201,146.472685
3971,-38.644833,146.781284
3971,-38.671789,146.692958
3971,-38.658005,146.730807
3971,-38.559554,146.518605
3971,-38.469166,146.570952
3971,-38.624845,146.723439
3971,-38.451398,146.737355
3971,-38.562402,146.676035
3975,-38.050457,145.257531
3975,-38.053275,145.244343
3976,-38.032221,145.267863
3977,-38.212992,145.315447
3977,-38.11122,145.268832
3977,-38.117857,145.320381
3977,-38.082218,145.276538
3977,-38.145571,145.226226
3977,-38.109374,145.25241
3977,-38.162501,145.319677
3977,-38.138435,145.294077
3977,-38.080718,145.209511
3977,-38.1183,145.203099
3978,-38.145962,145.423291
3978,-38.13472,145.334321
3978,-38.118738,145.327258
3979,-38.434865,145.558415
3979,-38.497122,145.646179
3979,-38.426639,145.597787
3979,-38.532849,145.652943
3980,-38.211236,145.340207
3980,-38.210636,145.380072
3980,-38.220563,145.314044
3981,-38.179036,145.573638
3981,-38.188905,145.648437
3981,-38.192976,145.442456
3981,-38.239192,145.707089
3981,-38.19937,145.490761
3981,-38.167334,145.520264
3981,-38.228782,145.639804
3984,-38.323843,145.539805
3984,-38.257421,145.550044
3984,-38.414437,145.432099
3984,-38.427069,145.467185
3984,-38.408411,145.532454
3984,-38.324246,145.521237
3984,-38.264951,145.564762
3984,-38.251513,145.656429
3984,-38.192928,145.516583
3984,-38.322117,145.526408
3984,-38.419024,145.499977
3984,-38.44102,145.510723
3984,-38.373978,145.56117
3987,-38.333067,145.670441
3988,-38.294339,145.886342
3988,-38.342951,145.765454
3988,-38.320894,145.831048
3988,-38.289395,145.768796
3990,-38.449183,145.532297
3991,-38.480541,145.467733
3992,-38.493513,145.616162
3992,-38.563459,145.547409
3992,-38.54492,145.577478
3992,-38.575998,145.6322
3995,-38.527605,145.446731
3995,-38.541874,145.55404
3995,-38.67086,145.656474
3995,-38.645417,145.581804
3995,-38.587628,145.563172
3995,-38.549173,145.475411
3995,-38.559606,145.63577
3995,-38.597829,145.605094
3995,-38.564322,145.545551
3995,-38.598847,145.578444
3995,-38.583991,145.6485
3995,-38.576309,145.700931
3995,-38.606312,145.588583
3995,-38.498651,145.520561
3996,-38.632958,145.729641
3996,-38.627873,145.808696
8001,-38.365017,144.76592
8002,-38.105449,145.147855
8004,-37.836219,144.975549
8005,-37.822262,144.954856
8006,-37.809696,144.959314
8009,-37.817201,144.964531
8010,-38.185857,146.293728
8011,-37.811301,144.961819
8045,-38.365017,144.76592
8051,-38.365017,144.76592
8060,-38.365017,144.76592
8061,-38.365017,144.76592
8066,-38.365017,144.76592
8069,-38.365017,144.76592
8070,-38.365017,144.76592
8071,-38.365017,144.76592
8102,-38.365017,144.76592
8103,-38.365017,144.76592
8107,-38.365017,144.76592
8108,-38.365017,144.76592
8111,-38.365017,144.76592
8120,-38.365017,144.76592
8205,-38.365017,144.76592
8383,-38.365017,144.76592
8386,-38.365017,144.76592
8388,-38.365017,144.76592
8390,-38.365017,144.76592
8393,-38.365017,144.76592
8394,-38.365017,144.76592
8396,-38.365017,144.76592
8399,-38.365017,144.76592
8500,-37.905996,145.056254
8507,-37.960325,145.215601
8538,-37.794105,144.979191
8557,-37.859514,144.977808
8576,-37.764016,145.044798
8622,-37.88986,145.021417
8626,-37.836011,145.062173
8627,-37.836011,145.062173
8785,-37.893104,145.088205
8865,-37.93291,145.033718
8873,-37.846333,144.885746